-- MySQL dump 10.13  Distrib 8.0.30, for Win64 (x86_64)
--
-- Host: localhost    Database: laravelreactdb
-- ------------------------------------------------------
-- Server version	8.0.30

/*!40101 SET @OLD_CHARACTER_SET_CLIENT=@@CHARACTER_SET_CLIENT */;
/*!40101 SET @OLD_CHARACTER_SET_RESULTS=@@CHARACTER_SET_RESULTS */;
/*!40101 SET @OLD_COLLATION_CONNECTION=@@COLLATION_CONNECTION */;
/*!50503 SET NAMES utf8mb4 */;
/*!40103 SET @OLD_TIME_ZONE=@@TIME_ZONE */;
/*!40103 SET TIME_ZONE='+00:00' */;
/*!40014 SET @OLD_UNIQUE_CHECKS=@@UNIQUE_CHECKS, UNIQUE_CHECKS=0 */;
/*!40014 SET @OLD_FOREIGN_KEY_CHECKS=@@FOREIGN_KEY_CHECKS, FOREIGN_KEY_CHECKS=0 */;
/*!40101 SET @OLD_SQL_MODE=@@SQL_MODE, SQL_MODE='NO_AUTO_VALUE_ON_ZERO' */;
/*!40111 SET @OLD_SQL_NOTES=@@SQL_NOTES, SQL_NOTES=0 */;

--
-- Table structure for table `cache`
--

DROP TABLE IF EXISTS `cache`;
/*!40101 SET @saved_cs_client     = @@character_set_client */;
/*!50503 SET character_set_client = utf8mb4 */;
CREATE TABLE `cache` (
  `key` varchar(255) COLLATE utf8mb4_unicode_ci NOT NULL,
  `value` mediumtext COLLATE utf8mb4_unicode_ci NOT NULL,
  `expiration` int NOT NULL,
  PRIMARY KEY (`key`)
) ENGINE=InnoDB DEFAULT CHARSET=utf8mb4 COLLATE=utf8mb4_unicode_ci;
/*!40101 SET character_set_client = @saved_cs_client */;

--
-- Dumping data for table `cache`
--

LOCK TABLES `cache` WRITE;
/*!40000 ALTER TABLE `cache` DISABLE KEYS */;
/*!40000 ALTER TABLE `cache` ENABLE KEYS */;
UNLOCK TABLES;

--
-- Table structure for table `cache_locks`
--

DROP TABLE IF EXISTS `cache_locks`;
/*!40101 SET @saved_cs_client     = @@character_set_client */;
/*!50503 SET character_set_client = utf8mb4 */;
CREATE TABLE `cache_locks` (
  `key` varchar(255) COLLATE utf8mb4_unicode_ci NOT NULL,
  `owner` varchar(255) COLLATE utf8mb4_unicode_ci NOT NULL,
  `expiration` int NOT NULL,
  PRIMARY KEY (`key`)
) ENGINE=InnoDB DEFAULT CHARSET=utf8mb4 COLLATE=utf8mb4_unicode_ci;
/*!40101 SET character_set_client = @saved_cs_client */;

--
-- Dumping data for table `cache_locks`
--

LOCK TABLES `cache_locks` WRITE;
/*!40000 ALTER TABLE `cache_locks` DISABLE KEYS */;
/*!40000 ALTER TABLE `cache_locks` ENABLE KEYS */;
UNLOCK TABLES;

--
-- Table structure for table `car_features`
--

DROP TABLE IF EXISTS `car_features`;
/*!40101 SET @saved_cs_client     = @@character_set_client */;
/*!50503 SET character_set_client = utf8mb4 */;
CREATE TABLE `car_features` (
  `car_id` bigint unsigned NOT NULL,
  `abs` tinyint(1) NOT NULL DEFAULT '0',
  `air_conditioning` tinyint(1) NOT NULL DEFAULT '0',
  `power_windows` tinyint(1) NOT NULL DEFAULT '0',
  `power_door_locks` tinyint(1) NOT NULL DEFAULT '0',
  `cruise_control` tinyint(1) NOT NULL DEFAULT '0',
  `bluetooth_connectivity` tinyint(1) NOT NULL DEFAULT '0',
  `remote_start` tinyint(1) NOT NULL DEFAULT '0',
  `gps_navigation` tinyint(1) NOT NULL DEFAULT '0',
  `heater_seats` tinyint(1) NOT NULL DEFAULT '0',
  `climate_control` tinyint(1) NOT NULL DEFAULT '0',
  `rear_parking_sensors` tinyint(1) NOT NULL DEFAULT '0',
  `leather_seats` tinyint(1) NOT NULL DEFAULT '0',
  PRIMARY KEY (`car_id`)
) ENGINE=InnoDB DEFAULT CHARSET=utf8mb4 COLLATE=utf8mb4_unicode_ci;
/*!40101 SET character_set_client = @saved_cs_client */;

--
-- Dumping data for table `car_features`
--

LOCK TABLES `car_features` WRITE;
/*!40000 ALTER TABLE `car_features` DISABLE KEYS */;
INSERT INTO `car_features` VALUES (1,1,1,1,0,1,0,0,0,1,1,0,1),(2,1,1,1,0,1,1,1,1,0,0,0,1),(3,1,1,0,1,1,0,0,0,1,1,1,1),(4,0,1,0,1,0,0,0,1,1,0,0,0),(5,1,1,1,1,0,1,1,1,0,1,1,1),(6,1,0,0,0,1,0,1,0,1,1,0,1),(7,0,0,0,1,1,0,0,1,0,0,0,0),(8,0,0,1,1,1,1,0,0,1,0,0,1),(9,1,1,0,0,0,1,1,1,1,1,0,1),(10,1,0,1,1,1,0,0,0,0,1,1,0),(11,0,1,1,1,1,1,0,1,1,1,1,0),(12,1,1,1,1,1,0,1,1,1,1,0,0),(13,0,0,0,0,0,1,1,0,1,1,0,0),(14,0,0,1,1,1,1,0,1,1,1,1,1),(15,1,0,1,1,0,0,0,0,0,0,0,0),(16,1,0,1,0,0,0,1,0,1,1,1,0),(17,0,1,1,0,1,1,1,1,1,1,1,1),(18,0,1,1,0,0,0,0,1,1,1,1,1),(19,0,0,1,1,0,0,1,0,1,0,1,0),(20,1,1,0,0,0,0,1,0,1,0,0,0),(21,1,0,0,0,0,0,1,0,0,0,1,1),(22,1,1,1,1,0,1,0,0,1,1,0,0),(23,1,1,1,1,0,0,0,0,0,0,1,1),(24,0,0,1,0,1,1,1,0,1,1,0,0),(25,0,0,1,1,1,1,0,1,1,1,1,1),(26,0,0,1,1,0,0,1,1,1,0,0,1),(27,0,0,1,1,1,1,1,0,1,1,0,1),(28,0,1,0,1,1,0,0,1,1,0,1,0),(29,0,1,0,0,0,1,0,0,1,1,1,0),(30,1,1,0,1,1,0,0,0,0,1,1,0),(31,1,0,1,1,1,0,1,0,0,0,0,0),(32,1,0,0,1,0,0,0,0,0,0,0,1),(33,1,1,0,1,0,0,1,0,0,0,0,1),(34,1,0,0,0,0,1,0,1,1,0,1,1),(35,0,0,1,1,0,1,0,0,0,1,1,1),(36,0,1,0,1,0,0,0,1,0,1,1,1),(37,0,0,0,1,1,0,1,0,0,1,1,1),(38,1,1,1,1,1,0,0,0,0,0,0,1),(39,0,0,1,0,1,1,0,1,0,1,0,0),(40,0,0,1,0,0,1,1,0,0,1,1,0),(41,1,0,1,1,1,0,0,1,0,0,0,0),(42,0,1,0,1,1,0,1,1,1,1,1,0),(43,0,1,0,1,0,1,0,1,1,0,0,1),(44,1,0,0,1,0,0,1,1,0,1,1,0),(45,0,1,0,1,1,1,0,1,0,1,0,1),(46,1,1,0,1,0,0,0,1,0,1,0,1),(47,0,1,0,0,1,1,0,0,1,0,1,0),(48,1,1,1,1,1,1,0,0,0,0,0,0),(49,1,1,1,0,1,1,1,1,0,0,1,0),(50,0,0,1,0,1,0,1,1,0,0,1,0),(51,0,1,0,0,1,1,0,0,0,1,0,0),(52,1,0,1,0,0,1,1,0,1,0,1,1),(53,0,1,1,1,1,0,1,0,1,0,1,0),(54,0,1,0,0,0,0,1,1,1,1,0,1),(55,0,0,1,1,1,1,1,0,1,0,1,1),(56,0,0,0,1,0,1,0,0,1,1,1,1),(57,0,0,0,0,0,1,0,0,0,1,1,1),(58,1,1,1,1,0,0,0,0,0,0,1,0),(59,1,0,1,1,0,0,1,0,0,0,1,1),(60,1,0,0,0,1,0,0,0,0,1,0,0),(61,1,1,0,1,1,0,1,1,0,0,1,0),(62,1,0,0,0,0,0,0,1,0,0,1,0),(63,0,1,0,1,1,0,0,0,1,0,0,1),(64,0,1,0,1,1,1,0,1,0,1,0,1),(65,1,0,0,0,0,1,0,0,1,1,1,1),(66,1,1,1,0,1,1,0,1,0,0,0,0),(67,1,0,1,0,0,1,1,1,1,0,1,1),(68,0,0,1,1,1,1,1,1,0,0,0,1),(69,1,1,0,0,0,1,0,0,0,1,0,1),(70,0,1,1,0,0,0,1,0,0,1,0,1),(71,0,1,1,1,1,1,1,0,0,0,1,0),(72,0,0,1,1,0,1,1,1,0,1,1,1),(73,1,1,1,1,0,1,1,0,1,0,1,0),(74,1,1,1,0,0,1,0,1,0,0,0,0),(75,1,0,1,1,1,1,0,1,0,0,0,0),(76,1,1,0,0,0,1,0,1,1,1,0,1),(77,0,0,1,1,0,0,0,1,1,1,0,1),(78,1,1,1,1,0,0,1,0,1,0,1,1),(79,1,1,1,0,0,1,0,1,1,1,1,0),(80,1,0,1,0,1,0,1,0,0,0,1,0),(81,1,1,1,1,1,1,1,1,1,0,0,0),(82,1,0,0,0,0,1,1,1,0,0,0,1),(83,0,1,1,1,0,1,0,0,0,0,1,1),(84,1,1,0,1,0,0,1,1,1,0,1,1),(85,1,0,0,0,0,0,1,0,1,0,0,0),(86,0,1,0,1,0,0,1,1,0,0,1,1),(87,1,1,0,1,1,1,1,0,1,1,0,1),(88,1,0,1,0,1,0,0,1,1,1,0,0),(89,1,1,0,1,1,1,0,1,0,1,1,1),(90,0,0,1,1,1,0,0,0,0,1,0,0),(91,1,1,0,0,0,0,1,1,1,0,0,1),(92,0,1,0,0,0,0,1,1,1,1,1,1),(93,0,0,0,0,0,0,0,0,0,0,0,1),(94,1,0,0,0,0,1,0,1,0,0,0,1),(95,0,0,1,0,1,0,0,1,0,1,1,0),(96,1,1,0,0,0,1,1,0,1,1,0,0),(97,1,0,0,1,1,1,0,1,1,1,1,1),(98,0,0,0,1,1,1,1,0,1,1,0,1),(99,1,1,0,1,0,0,1,0,1,0,0,0),(100,1,0,1,1,0,1,1,0,1,0,0,0);
/*!40000 ALTER TABLE `car_features` ENABLE KEYS */;
UNLOCK TABLES;

--
-- Table structure for table `car_images`
--

DROP TABLE IF EXISTS `car_images`;
/*!40101 SET @saved_cs_client     = @@character_set_client */;
/*!50503 SET character_set_client = utf8mb4 */;
CREATE TABLE `car_images` (
  `id` bigint unsigned NOT NULL AUTO_INCREMENT,
  `car_id` bigint unsigned NOT NULL,
  `image_path` varchar(255) COLLATE utf8mb4_unicode_ci NOT NULL,
  `position` int NOT NULL,
  PRIMARY KEY (`id`),
  KEY `car_images_car_id_foreign` (`car_id`),
  CONSTRAINT `car_images_car_id_foreign` FOREIGN KEY (`car_id`) REFERENCES `cars` (`id`)
) ENGINE=InnoDB AUTO_INCREMENT=501 DEFAULT CHARSET=utf8mb4 COLLATE=utf8mb4_unicode_ci;
/*!40101 SET character_set_client = @saved_cs_client */;

--
-- Dumping data for table `car_images`
--

LOCK TABLES `car_images` WRITE;
/*!40000 ALTER TABLE `car_images` DISABLE KEYS */;
INSERT INTO `car_images` VALUES (1,1,'https://via.placeholder.com/640x480.png/00bb77?text=laboriosam',1),(2,1,'https://via.placeholder.com/640x480.png/000077?text=esse',2),(3,1,'https://via.placeholder.com/640x480.png/00ff88?text=eius',3),(4,1,'https://via.placeholder.com/640x480.png/0033dd?text=corrupti',4),(5,1,'https://via.placeholder.com/640x480.png/008866?text=laboriosam',5),(6,2,'https://via.placeholder.com/640x480.png/00ffdd?text=nobis',1),(7,2,'https://via.placeholder.com/640x480.png/0044cc?text=provident',2),(8,2,'https://via.placeholder.com/640x480.png/00aa11?text=harum',3),(9,2,'https://via.placeholder.com/640x480.png/00ee66?text=quos',4),(10,2,'https://via.placeholder.com/640x480.png/00ee11?text=et',5),(11,3,'https://via.placeholder.com/640x480.png/004499?text=quidem',1),(12,3,'https://via.placeholder.com/640x480.png/00dd11?text=voluptatum',2),(13,3,'https://via.placeholder.com/640x480.png/00bb55?text=nihil',3),(14,3,'https://via.placeholder.com/640x480.png/0000aa?text=esse',4),(15,3,'https://via.placeholder.com/640x480.png/0088dd?text=odio',5),(16,4,'https://via.placeholder.com/640x480.png/003366?text=ad',1),(17,4,'https://via.placeholder.com/640x480.png/009944?text=quo',2),(18,4,'https://via.placeholder.com/640x480.png/008833?text=accusamus',3),(19,4,'https://via.placeholder.com/640x480.png/006622?text=enim',4),(20,4,'https://via.placeholder.com/640x480.png/00bb22?text=enim',5),(21,5,'https://via.placeholder.com/640x480.png/00cc00?text=illo',1),(22,5,'https://via.placeholder.com/640x480.png/003377?text=aut',2),(23,5,'https://via.placeholder.com/640x480.png/005566?text=minus',3),(24,5,'https://via.placeholder.com/640x480.png/002288?text=debitis',4),(25,5,'https://via.placeholder.com/640x480.png/0055cc?text=hic',5),(26,6,'https://via.placeholder.com/640x480.png/0066aa?text=est',1),(27,6,'https://via.placeholder.com/640x480.png/00aa11?text=officiis',2),(28,6,'https://via.placeholder.com/640x480.png/00ddcc?text=ratione',3),(29,6,'https://via.placeholder.com/640x480.png/0077ff?text=ut',4),(30,6,'https://via.placeholder.com/640x480.png/00aa33?text=et',5),(31,7,'https://via.placeholder.com/640x480.png/004444?text=libero',1),(32,7,'https://via.placeholder.com/640x480.png/00aaaa?text=esse',2),(33,7,'https://via.placeholder.com/640x480.png/0077aa?text=vel',3),(34,7,'https://via.placeholder.com/640x480.png/0055ff?text=nostrum',4),(35,7,'https://via.placeholder.com/640x480.png/00ccee?text=alias',5),(36,8,'https://via.placeholder.com/640x480.png/00dd88?text=qui',1),(37,8,'https://via.placeholder.com/640x480.png/0022ee?text=qui',2),(38,8,'https://via.placeholder.com/640x480.png/0055cc?text=quia',3),(39,8,'https://via.placeholder.com/640x480.png/00dd55?text=reiciendis',4),(40,8,'https://via.placeholder.com/640x480.png/004433?text=eveniet',5),(41,9,'https://via.placeholder.com/640x480.png/009900?text=voluptates',1),(42,9,'https://via.placeholder.com/640x480.png/006699?text=voluptatem',2),(43,9,'https://via.placeholder.com/640x480.png/009988?text=libero',3),(44,9,'https://via.placeholder.com/640x480.png/00ee44?text=minima',4),(45,9,'https://via.placeholder.com/640x480.png/004411?text=at',5),(46,10,'https://via.placeholder.com/640x480.png/0077ff?text=eum',1),(47,10,'https://via.placeholder.com/640x480.png/0044ff?text=porro',2),(48,10,'https://via.placeholder.com/640x480.png/001100?text=enim',3),(49,10,'https://via.placeholder.com/640x480.png/0099bb?text=ullam',4),(50,10,'https://via.placeholder.com/640x480.png/003355?text=hic',5),(51,11,'https://via.placeholder.com/640x480.png/004444?text=optio',1),(52,11,'https://via.placeholder.com/640x480.png/009955?text=fugiat',2),(53,11,'https://via.placeholder.com/640x480.png/001166?text=autem',3),(54,11,'https://via.placeholder.com/640x480.png/0011bb?text=veritatis',4),(55,11,'https://via.placeholder.com/640x480.png/0000dd?text=consectetur',5),(56,12,'https://via.placeholder.com/640x480.png/0055ff?text=aperiam',1),(57,12,'https://via.placeholder.com/640x480.png/001111?text=quis',2),(58,12,'https://via.placeholder.com/640x480.png/002244?text=in',3),(59,12,'https://via.placeholder.com/640x480.png/00ee00?text=hic',4),(60,12,'https://via.placeholder.com/640x480.png/008822?text=ratione',5),(61,13,'https://via.placeholder.com/640x480.png/0066ee?text=reiciendis',1),(62,13,'https://via.placeholder.com/640x480.png/00bb44?text=laboriosam',2),(63,13,'https://via.placeholder.com/640x480.png/008855?text=corrupti',3),(64,13,'https://via.placeholder.com/640x480.png/0055ee?text=consequuntur',4),(65,13,'https://via.placeholder.com/640x480.png/0055dd?text=quia',5),(66,14,'https://via.placeholder.com/640x480.png/0099cc?text=qui',1),(67,14,'https://via.placeholder.com/640x480.png/00aaaa?text=eum',2),(68,14,'https://via.placeholder.com/640x480.png/004400?text=ut',3),(69,14,'https://via.placeholder.com/640x480.png/007744?text=soluta',4),(70,14,'https://via.placeholder.com/640x480.png/00bb11?text=enim',5),(71,15,'https://via.placeholder.com/640x480.png/0033ee?text=modi',1),(72,15,'https://via.placeholder.com/640x480.png/0088ff?text=officiis',2),(73,15,'https://via.placeholder.com/640x480.png/00ee44?text=qui',3),(74,15,'https://via.placeholder.com/640x480.png/006688?text=consequatur',4),(75,15,'https://via.placeholder.com/640x480.png/00cc88?text=omnis',5),(76,16,'https://via.placeholder.com/640x480.png/0011ff?text=vero',1),(77,16,'https://via.placeholder.com/640x480.png/006666?text=et',2),(78,16,'https://via.placeholder.com/640x480.png/00cc99?text=quasi',3),(79,16,'https://via.placeholder.com/640x480.png/0099aa?text=nostrum',4),(80,16,'https://via.placeholder.com/640x480.png/00bbdd?text=nostrum',5),(81,17,'https://via.placeholder.com/640x480.png/0099bb?text=animi',1),(82,17,'https://via.placeholder.com/640x480.png/0088aa?text=et',2),(83,17,'https://via.placeholder.com/640x480.png/00ccbb?text=sed',3),(84,17,'https://via.placeholder.com/640x480.png/006600?text=quod',4),(85,17,'https://via.placeholder.com/640x480.png/007788?text=odit',5),(86,18,'https://via.placeholder.com/640x480.png/008866?text=qui',1),(87,18,'https://via.placeholder.com/640x480.png/0000ff?text=aperiam',2),(88,18,'https://via.placeholder.com/640x480.png/002266?text=in',3),(89,18,'https://via.placeholder.com/640x480.png/004477?text=voluptate',4),(90,18,'https://via.placeholder.com/640x480.png/009966?text=officia',5),(91,19,'https://via.placeholder.com/640x480.png/003355?text=porro',1),(92,19,'https://via.placeholder.com/640x480.png/00eecc?text=perferendis',2),(93,19,'https://via.placeholder.com/640x480.png/002288?text=molestiae',3),(94,19,'https://via.placeholder.com/640x480.png/004477?text=iste',4),(95,19,'https://via.placeholder.com/640x480.png/00cc11?text=nesciunt',5),(96,20,'https://via.placeholder.com/640x480.png/007733?text=dolor',1),(97,20,'https://via.placeholder.com/640x480.png/0044cc?text=voluptatem',2),(98,20,'https://via.placeholder.com/640x480.png/0099ee?text=nisi',3),(99,20,'https://via.placeholder.com/640x480.png/006677?text=aut',4),(100,20,'https://via.placeholder.com/640x480.png/001133?text=voluptates',5),(101,21,'https://via.placeholder.com/640x480.png/0088aa?text=maxime',1),(102,21,'https://via.placeholder.com/640x480.png/000033?text=eos',2),(103,21,'https://via.placeholder.com/640x480.png/00aa77?text=ex',3),(104,21,'https://via.placeholder.com/640x480.png/002211?text=optio',4),(105,21,'https://via.placeholder.com/640x480.png/00dd11?text=maiores',5),(106,22,'https://via.placeholder.com/640x480.png/0099ff?text=delectus',1),(107,22,'https://via.placeholder.com/640x480.png/001199?text=explicabo',2),(108,22,'https://via.placeholder.com/640x480.png/003355?text=tempore',3),(109,22,'https://via.placeholder.com/640x480.png/000055?text=temporibus',4),(110,22,'https://via.placeholder.com/640x480.png/0022aa?text=totam',5),(111,23,'https://via.placeholder.com/640x480.png/0000bb?text=quisquam',1),(112,23,'https://via.placeholder.com/640x480.png/00ee77?text=nesciunt',2),(113,23,'https://via.placeholder.com/640x480.png/00ffff?text=ipsa',3),(114,23,'https://via.placeholder.com/640x480.png/00aa55?text=aut',4),(115,23,'https://via.placeholder.com/640x480.png/003355?text=repudiandae',5),(116,24,'https://via.placeholder.com/640x480.png/00ff66?text=qui',1),(117,24,'https://via.placeholder.com/640x480.png/006611?text=consequatur',2),(118,24,'https://via.placeholder.com/640x480.png/00aa88?text=sequi',3),(119,24,'https://via.placeholder.com/640x480.png/00ffaa?text=eum',4),(120,24,'https://via.placeholder.com/640x480.png/0066bb?text=voluptatem',5),(121,25,'https://via.placeholder.com/640x480.png/009988?text=fugit',1),(122,25,'https://via.placeholder.com/640x480.png/006677?text=voluptate',2),(123,25,'https://via.placeholder.com/640x480.png/007711?text=modi',3),(124,25,'https://via.placeholder.com/640x480.png/0055ff?text=quod',4),(125,25,'https://via.placeholder.com/640x480.png/0044cc?text=id',5),(126,26,'https://via.placeholder.com/640x480.png/00dd99?text=itaque',1),(127,26,'https://via.placeholder.com/640x480.png/00aa44?text=tempore',2),(128,26,'https://via.placeholder.com/640x480.png/00bb88?text=ipsum',3),(129,26,'https://via.placeholder.com/640x480.png/000033?text=quia',4),(130,26,'https://via.placeholder.com/640x480.png/00dd77?text=culpa',5),(131,27,'https://via.placeholder.com/640x480.png/00dd99?text=ad',1),(132,27,'https://via.placeholder.com/640x480.png/008866?text=aut',2),(133,27,'https://via.placeholder.com/640x480.png/001155?text=tempore',3),(134,27,'https://via.placeholder.com/640x480.png/00dd66?text=sequi',4),(135,27,'https://via.placeholder.com/640x480.png/007799?text=accusamus',5),(136,28,'https://via.placeholder.com/640x480.png/005522?text=magnam',1),(137,28,'https://via.placeholder.com/640x480.png/00aa88?text=quo',2),(138,28,'https://via.placeholder.com/640x480.png/004422?text=voluptas',3),(139,28,'https://via.placeholder.com/640x480.png/006633?text=aspernatur',4),(140,28,'https://via.placeholder.com/640x480.png/00dd88?text=eos',5),(141,29,'https://via.placeholder.com/640x480.png/000000?text=ab',1),(142,29,'https://via.placeholder.com/640x480.png/0044ff?text=aut',2),(143,29,'https://via.placeholder.com/640x480.png/00cc99?text=et',3),(144,29,'https://via.placeholder.com/640x480.png/00ff55?text=veritatis',4),(145,29,'https://via.placeholder.com/640x480.png/007722?text=totam',5),(146,30,'https://via.placeholder.com/640x480.png/0000bb?text=impedit',1),(147,30,'https://via.placeholder.com/640x480.png/00aa44?text=eius',2),(148,30,'https://via.placeholder.com/640x480.png/001111?text=voluptas',3),(149,30,'https://via.placeholder.com/640x480.png/00ee22?text=error',4),(150,30,'https://via.placeholder.com/640x480.png/0033bb?text=exercitationem',5),(151,31,'https://via.placeholder.com/640x480.png/00aa99?text=sunt',1),(152,31,'https://via.placeholder.com/640x480.png/00bb22?text=rerum',2),(153,31,'https://via.placeholder.com/640x480.png/003311?text=magnam',3),(154,31,'https://via.placeholder.com/640x480.png/00aaff?text=assumenda',4),(155,31,'https://via.placeholder.com/640x480.png/00ffcc?text=suscipit',5),(156,32,'https://via.placeholder.com/640x480.png/00aa55?text=consequuntur',1),(157,32,'https://via.placeholder.com/640x480.png/0033ee?text=ut',2),(158,32,'https://via.placeholder.com/640x480.png/00bbbb?text=omnis',3),(159,32,'https://via.placeholder.com/640x480.png/00aa77?text=iste',4),(160,32,'https://via.placeholder.com/640x480.png/001177?text=suscipit',5),(161,33,'https://via.placeholder.com/640x480.png/000077?text=sit',1),(162,33,'https://via.placeholder.com/640x480.png/007755?text=in',2),(163,33,'https://via.placeholder.com/640x480.png/006611?text=nam',3),(164,33,'https://via.placeholder.com/640x480.png/00aa55?text=non',4),(165,33,'https://via.placeholder.com/640x480.png/00cc22?text=qui',5),(166,34,'https://via.placeholder.com/640x480.png/00ffdd?text=corrupti',1),(167,34,'https://via.placeholder.com/640x480.png/00ff66?text=facilis',2),(168,34,'https://via.placeholder.com/640x480.png/00ddcc?text=quod',3),(169,34,'https://via.placeholder.com/640x480.png/0055ee?text=a',4),(170,34,'https://via.placeholder.com/640x480.png/0055ee?text=et',5),(171,35,'https://via.placeholder.com/640x480.png/009944?text=est',1),(172,35,'https://via.placeholder.com/640x480.png/00dd44?text=et',2),(173,35,'https://via.placeholder.com/640x480.png/00ddcc?text=culpa',3),(174,35,'https://via.placeholder.com/640x480.png/00cccc?text=consectetur',4),(175,35,'https://via.placeholder.com/640x480.png/00ffff?text=nemo',5),(176,36,'https://via.placeholder.com/640x480.png/006688?text=atque',1),(177,36,'https://via.placeholder.com/640x480.png/00bbdd?text=et',2),(178,36,'https://via.placeholder.com/640x480.png/00ff88?text=enim',3),(179,36,'https://via.placeholder.com/640x480.png/002200?text=culpa',4),(180,36,'https://via.placeholder.com/640x480.png/00aa99?text=voluptatibus',5),(181,37,'https://via.placeholder.com/640x480.png/005577?text=qui',1),(182,37,'https://via.placeholder.com/640x480.png/00dd77?text=impedit',2),(183,37,'https://via.placeholder.com/640x480.png/0077ff?text=voluptas',3),(184,37,'https://via.placeholder.com/640x480.png/00aa33?text=ut',4),(185,37,'https://via.placeholder.com/640x480.png/00dd33?text=cumque',5),(186,38,'https://via.placeholder.com/640x480.png/006633?text=velit',1),(187,38,'https://via.placeholder.com/640x480.png/0077bb?text=nihil',2),(188,38,'https://via.placeholder.com/640x480.png/00bb88?text=dolore',3),(189,38,'https://via.placeholder.com/640x480.png/00eeee?text=dolore',4),(190,38,'https://via.placeholder.com/640x480.png/007755?text=explicabo',5),(191,39,'https://via.placeholder.com/640x480.png/00ffcc?text=dolor',1),(192,39,'https://via.placeholder.com/640x480.png/00aa33?text=ipsa',2),(193,39,'https://via.placeholder.com/640x480.png/0044dd?text=quia',3),(194,39,'https://via.placeholder.com/640x480.png/00dd99?text=vel',4),(195,39,'https://via.placeholder.com/640x480.png/00ffbb?text=non',5),(196,40,'https://via.placeholder.com/640x480.png/00eedd?text=labore',1),(197,40,'https://via.placeholder.com/640x480.png/008822?text=sint',2),(198,40,'https://via.placeholder.com/640x480.png/0022bb?text=voluptas',3),(199,40,'https://via.placeholder.com/640x480.png/00ffaa?text=blanditiis',4),(200,40,'https://via.placeholder.com/640x480.png/005577?text=magnam',5),(201,41,'https://via.placeholder.com/640x480.png/005566?text=voluptatibus',1),(202,41,'https://via.placeholder.com/640x480.png/00dd11?text=animi',2),(203,41,'https://via.placeholder.com/640x480.png/001177?text=odio',3),(204,41,'https://via.placeholder.com/640x480.png/003311?text=possimus',4),(205,41,'https://via.placeholder.com/640x480.png/007799?text=magni',5),(206,42,'https://via.placeholder.com/640x480.png/0033ee?text=numquam',1),(207,42,'https://via.placeholder.com/640x480.png/007766?text=in',2),(208,42,'https://via.placeholder.com/640x480.png/00ddff?text=animi',3),(209,42,'https://via.placeholder.com/640x480.png/000011?text=ipsum',4),(210,42,'https://via.placeholder.com/640x480.png/001100?text=sed',5),(211,43,'https://via.placeholder.com/640x480.png/004444?text=esse',1),(212,43,'https://via.placeholder.com/640x480.png/0066ff?text=ad',2),(213,43,'https://via.placeholder.com/640x480.png/00dd44?text=qui',3),(214,43,'https://via.placeholder.com/640x480.png/0044ff?text=quia',4),(215,43,'https://via.placeholder.com/640x480.png/00cc66?text=dolores',5),(216,44,'https://via.placeholder.com/640x480.png/009988?text=vel',1),(217,44,'https://via.placeholder.com/640x480.png/00ffff?text=suscipit',2),(218,44,'https://via.placeholder.com/640x480.png/00ee77?text=eius',3),(219,44,'https://via.placeholder.com/640x480.png/00bbdd?text=quos',4),(220,44,'https://via.placeholder.com/640x480.png/00aacc?text=consequatur',5),(221,45,'https://via.placeholder.com/640x480.png/003366?text=rerum',1),(222,45,'https://via.placeholder.com/640x480.png/00ddee?text=esse',2),(223,45,'https://via.placeholder.com/640x480.png/0044cc?text=aut',3),(224,45,'https://via.placeholder.com/640x480.png/00cc33?text=sapiente',4),(225,45,'https://via.placeholder.com/640x480.png/0055dd?text=quam',5),(226,46,'https://via.placeholder.com/640x480.png/007788?text=est',1),(227,46,'https://via.placeholder.com/640x480.png/00bbcc?text=soluta',2),(228,46,'https://via.placeholder.com/640x480.png/003377?text=quidem',3),(229,46,'https://via.placeholder.com/640x480.png/0033dd?text=in',4),(230,46,'https://via.placeholder.com/640x480.png/00ccff?text=adipisci',5),(231,47,'https://via.placeholder.com/640x480.png/0044ff?text=asperiores',1),(232,47,'https://via.placeholder.com/640x480.png/0022ee?text=quos',2),(233,47,'https://via.placeholder.com/640x480.png/00ff44?text=facilis',3),(234,47,'https://via.placeholder.com/640x480.png/0055ff?text=suscipit',4),(235,47,'https://via.placeholder.com/640x480.png/0099bb?text=eum',5),(236,48,'https://via.placeholder.com/640x480.png/0044ff?text=aut',1),(237,48,'https://via.placeholder.com/640x480.png/00ee99?text=nihil',2),(238,48,'https://via.placeholder.com/640x480.png/008800?text=sed',3),(239,48,'https://via.placeholder.com/640x480.png/0088bb?text=quo',4),(240,48,'https://via.placeholder.com/640x480.png/004422?text=doloribus',5),(241,49,'https://via.placeholder.com/640x480.png/0055ee?text=optio',1),(242,49,'https://via.placeholder.com/640x480.png/00ff33?text=vitae',2),(243,49,'https://via.placeholder.com/640x480.png/001188?text=velit',3),(244,49,'https://via.placeholder.com/640x480.png/0066ee?text=voluptas',4),(245,49,'https://via.placeholder.com/640x480.png/00ffdd?text=officiis',5),(246,50,'https://via.placeholder.com/640x480.png/002222?text=pariatur',1),(247,50,'https://via.placeholder.com/640x480.png/00bbff?text=minus',2),(248,50,'https://via.placeholder.com/640x480.png/009933?text=voluptas',3),(249,50,'https://via.placeholder.com/640x480.png/004455?text=qui',4),(250,50,'https://via.placeholder.com/640x480.png/00ee99?text=dignissimos',5),(251,51,'https://via.placeholder.com/640x480.png/00ee22?text=aut',1),(252,51,'https://via.placeholder.com/640x480.png/00cc66?text=doloremque',2),(253,51,'https://via.placeholder.com/640x480.png/00bb77?text=est',3),(254,51,'https://via.placeholder.com/640x480.png/008811?text=occaecati',4),(255,51,'https://via.placeholder.com/640x480.png/00bb44?text=quas',5),(256,52,'https://via.placeholder.com/640x480.png/009900?text=aut',1),(257,52,'https://via.placeholder.com/640x480.png/0044aa?text=laboriosam',2),(258,52,'https://via.placeholder.com/640x480.png/004455?text=ut',3),(259,52,'https://via.placeholder.com/640x480.png/009988?text=cum',4),(260,52,'https://via.placeholder.com/640x480.png/00aaaa?text=voluptatem',5),(261,53,'https://via.placeholder.com/640x480.png/00ff00?text=et',1),(262,53,'https://via.placeholder.com/640x480.png/001144?text=voluptatibus',2),(263,53,'https://via.placeholder.com/640x480.png/0000bb?text=consequatur',3),(264,53,'https://via.placeholder.com/640x480.png/004422?text=deserunt',4),(265,53,'https://via.placeholder.com/640x480.png/0088ee?text=eum',5),(266,54,'https://via.placeholder.com/640x480.png/00aaff?text=at',1),(267,54,'https://via.placeholder.com/640x480.png/00aa99?text=praesentium',2),(268,54,'https://via.placeholder.com/640x480.png/000000?text=possimus',3),(269,54,'https://via.placeholder.com/640x480.png/008866?text=enim',4),(270,54,'https://via.placeholder.com/640x480.png/0011ff?text=et',5),(271,55,'https://via.placeholder.com/640x480.png/005588?text=ex',1),(272,55,'https://via.placeholder.com/640x480.png/0077cc?text=pariatur',2),(273,55,'https://via.placeholder.com/640x480.png/00aa00?text=sunt',3),(274,55,'https://via.placeholder.com/640x480.png/00aadd?text=eum',4),(275,55,'https://via.placeholder.com/640x480.png/002244?text=dolor',5),(276,56,'https://via.placeholder.com/640x480.png/00ee44?text=blanditiis',1),(277,56,'https://via.placeholder.com/640x480.png/0044bb?text=aut',2),(278,56,'https://via.placeholder.com/640x480.png/0011aa?text=rem',3),(279,56,'https://via.placeholder.com/640x480.png/007799?text=ut',4),(280,56,'https://via.placeholder.com/640x480.png/00ffee?text=nemo',5),(281,57,'https://via.placeholder.com/640x480.png/0011ee?text=voluptas',1),(282,57,'https://via.placeholder.com/640x480.png/0000dd?text=est',2),(283,57,'https://via.placeholder.com/640x480.png/008811?text=nihil',3),(284,57,'https://via.placeholder.com/640x480.png/00eedd?text=hic',4),(285,57,'https://via.placeholder.com/640x480.png/00bb99?text=ipsam',5),(286,58,'https://via.placeholder.com/640x480.png/0088bb?text=aut',1),(287,58,'https://via.placeholder.com/640x480.png/00aadd?text=officiis',2),(288,58,'https://via.placeholder.com/640x480.png/00ff77?text=commodi',3),(289,58,'https://via.placeholder.com/640x480.png/00aabb?text=iste',4),(290,58,'https://via.placeholder.com/640x480.png/009922?text=doloribus',5),(291,59,'https://via.placeholder.com/640x480.png/00bbff?text=et',1),(292,59,'https://via.placeholder.com/640x480.png/0000bb?text=consequatur',2),(293,59,'https://via.placeholder.com/640x480.png/00aaff?text=dignissimos',3),(294,59,'https://via.placeholder.com/640x480.png/003399?text=velit',4),(295,59,'https://via.placeholder.com/640x480.png/0000dd?text=est',5),(296,60,'https://via.placeholder.com/640x480.png/0022aa?text=voluptatem',1),(297,60,'https://via.placeholder.com/640x480.png/00bb44?text=ipsum',2),(298,60,'https://via.placeholder.com/640x480.png/0055ff?text=ut',3),(299,60,'https://via.placeholder.com/640x480.png/00ee88?text=reiciendis',4),(300,60,'https://via.placeholder.com/640x480.png/00ccdd?text=delectus',5),(301,61,'https://via.placeholder.com/640x480.png/00aaee?text=quo',1),(302,61,'https://via.placeholder.com/640x480.png/006666?text=porro',2),(303,61,'https://via.placeholder.com/640x480.png/005511?text=cum',3),(304,61,'https://via.placeholder.com/640x480.png/004400?text=autem',4),(305,61,'https://via.placeholder.com/640x480.png/009911?text=cumque',5),(306,62,'https://via.placeholder.com/640x480.png/00cc11?text=natus',1),(307,62,'https://via.placeholder.com/640x480.png/00dd66?text=quo',2),(308,62,'https://via.placeholder.com/640x480.png/002266?text=natus',3),(309,62,'https://via.placeholder.com/640x480.png/000077?text=aut',4),(310,62,'https://via.placeholder.com/640x480.png/0022ee?text=saepe',5),(311,63,'https://via.placeholder.com/640x480.png/00aaff?text=nobis',1),(312,63,'https://via.placeholder.com/640x480.png/003388?text=odio',2),(313,63,'https://via.placeholder.com/640x480.png/00aa55?text=vel',3),(314,63,'https://via.placeholder.com/640x480.png/008855?text=corporis',4),(315,63,'https://via.placeholder.com/640x480.png/0000ff?text=voluptatum',5),(316,64,'https://via.placeholder.com/640x480.png/00cccc?text=sed',1),(317,64,'https://via.placeholder.com/640x480.png/008855?text=officia',2),(318,64,'https://via.placeholder.com/640x480.png/00ee99?text=dolorem',3),(319,64,'https://via.placeholder.com/640x480.png/0000dd?text=laboriosam',4),(320,64,'https://via.placeholder.com/640x480.png/002233?text=quo',5),(321,65,'https://via.placeholder.com/640x480.png/0099cc?text=nihil',1),(322,65,'https://via.placeholder.com/640x480.png/001122?text=aliquid',2),(323,65,'https://via.placeholder.com/640x480.png/00ee33?text=minima',3),(324,65,'https://via.placeholder.com/640x480.png/000066?text=sit',4),(325,65,'https://via.placeholder.com/640x480.png/005577?text=ipsa',5),(326,66,'https://via.placeholder.com/640x480.png/00aa33?text=maiores',1),(327,66,'https://via.placeholder.com/640x480.png/000066?text=qui',2),(328,66,'https://via.placeholder.com/640x480.png/00dd88?text=corporis',3),(329,66,'https://via.placeholder.com/640x480.png/00ee11?text=sit',4),(330,66,'https://via.placeholder.com/640x480.png/00ff99?text=asperiores',5),(331,67,'https://via.placeholder.com/640x480.png/008899?text=tenetur',1),(332,67,'https://via.placeholder.com/640x480.png/0099ee?text=aut',2),(333,67,'https://via.placeholder.com/640x480.png/00aa88?text=aperiam',3),(334,67,'https://via.placeholder.com/640x480.png/002255?text=ipsa',4),(335,67,'https://via.placeholder.com/640x480.png/00aaee?text=asperiores',5),(336,68,'https://via.placeholder.com/640x480.png/00cc00?text=amet',1),(337,68,'https://via.placeholder.com/640x480.png/00bb11?text=eos',2),(338,68,'https://via.placeholder.com/640x480.png/0011ff?text=omnis',3),(339,68,'https://via.placeholder.com/640x480.png/002222?text=optio',4),(340,68,'https://via.placeholder.com/640x480.png/0055bb?text=quidem',5),(341,69,'https://via.placeholder.com/640x480.png/004488?text=sed',1),(342,69,'https://via.placeholder.com/640x480.png/00ee77?text=eligendi',2),(343,69,'https://via.placeholder.com/640x480.png/00bb00?text=doloribus',3),(344,69,'https://via.placeholder.com/640x480.png/00aa77?text=distinctio',4),(345,69,'https://via.placeholder.com/640x480.png/001188?text=ut',5),(346,70,'https://via.placeholder.com/640x480.png/00dd00?text=inventore',1),(347,70,'https://via.placeholder.com/640x480.png/0000ee?text=neque',2),(348,70,'https://via.placeholder.com/640x480.png/0022dd?text=dolorem',3),(349,70,'https://via.placeholder.com/640x480.png/005511?text=earum',4),(350,70,'https://via.placeholder.com/640x480.png/007788?text=dolorem',5),(351,71,'https://via.placeholder.com/640x480.png/00ffcc?text=labore',1),(352,71,'https://via.placeholder.com/640x480.png/002233?text=quam',2),(353,71,'https://via.placeholder.com/640x480.png/004455?text=laudantium',3),(354,71,'https://via.placeholder.com/640x480.png/002255?text=quaerat',4),(355,71,'https://via.placeholder.com/640x480.png/00eedd?text=vero',5),(356,72,'https://via.placeholder.com/640x480.png/0099cc?text=placeat',1),(357,72,'https://via.placeholder.com/640x480.png/004477?text=sit',2),(358,72,'https://via.placeholder.com/640x480.png/00ffee?text=quos',3),(359,72,'https://via.placeholder.com/640x480.png/00bbff?text=et',4),(360,72,'https://via.placeholder.com/640x480.png/00ffaa?text=vitae',5),(361,73,'https://via.placeholder.com/640x480.png/00ffee?text=fuga',1),(362,73,'https://via.placeholder.com/640x480.png/007755?text=quidem',2),(363,73,'https://via.placeholder.com/640x480.png/009999?text=provident',3),(364,73,'https://via.placeholder.com/640x480.png/005500?text=suscipit',4),(365,73,'https://via.placeholder.com/640x480.png/000044?text=ipsum',5),(366,74,'https://via.placeholder.com/640x480.png/000099?text=facilis',1),(367,74,'https://via.placeholder.com/640x480.png/0055ee?text=sint',2),(368,74,'https://via.placeholder.com/640x480.png/003355?text=enim',3),(369,74,'https://via.placeholder.com/640x480.png/0066ff?text=magni',4),(370,74,'https://via.placeholder.com/640x480.png/00bb55?text=facilis',5),(371,75,'https://via.placeholder.com/640x480.png/007711?text=vel',1),(372,75,'https://via.placeholder.com/640x480.png/002288?text=quisquam',2),(373,75,'https://via.placeholder.com/640x480.png/002244?text=et',3),(374,75,'https://via.placeholder.com/640x480.png/00bb11?text=perspiciatis',4),(375,75,'https://via.placeholder.com/640x480.png/004433?text=temporibus',5),(376,76,'https://via.placeholder.com/640x480.png/00dddd?text=quisquam',1),(377,76,'https://via.placeholder.com/640x480.png/00aadd?text=accusantium',2),(378,76,'https://via.placeholder.com/640x480.png/0044ee?text=molestiae',3),(379,76,'https://via.placeholder.com/640x480.png/005577?text=voluptas',4),(380,76,'https://via.placeholder.com/640x480.png/00ee66?text=temporibus',5),(381,77,'https://via.placeholder.com/640x480.png/00ee77?text=sit',1),(382,77,'https://via.placeholder.com/640x480.png/003366?text=doloribus',2),(383,77,'https://via.placeholder.com/640x480.png/0077bb?text=est',3),(384,77,'https://via.placeholder.com/640x480.png/000033?text=ratione',4),(385,77,'https://via.placeholder.com/640x480.png/0022bb?text=in',5),(386,78,'https://via.placeholder.com/640x480.png/009955?text=commodi',1),(387,78,'https://via.placeholder.com/640x480.png/005533?text=quia',2),(388,78,'https://via.placeholder.com/640x480.png/008899?text=voluptatum',3),(389,78,'https://via.placeholder.com/640x480.png/00ccaa?text=placeat',4),(390,78,'https://via.placeholder.com/640x480.png/0077aa?text=minus',5),(391,79,'https://via.placeholder.com/640x480.png/00cc33?text=enim',1),(392,79,'https://via.placeholder.com/640x480.png/005555?text=eos',2),(393,79,'https://via.placeholder.com/640x480.png/0011dd?text=vitae',3),(394,79,'https://via.placeholder.com/640x480.png/0099cc?text=consequatur',4),(395,79,'https://via.placeholder.com/640x480.png/0066dd?text=officia',5),(396,80,'https://via.placeholder.com/640x480.png/005588?text=omnis',1),(397,80,'https://via.placeholder.com/640x480.png/003355?text=placeat',2),(398,80,'https://via.placeholder.com/640x480.png/0055cc?text=et',3),(399,80,'https://via.placeholder.com/640x480.png/000000?text=deleniti',4),(400,80,'https://via.placeholder.com/640x480.png/00ffaa?text=enim',5),(401,81,'https://via.placeholder.com/640x480.png/003333?text=repudiandae',1),(402,81,'https://via.placeholder.com/640x480.png/00bb88?text=tenetur',2),(403,81,'https://via.placeholder.com/640x480.png/00ddbb?text=architecto',3),(404,81,'https://via.placeholder.com/640x480.png/001100?text=similique',4),(405,81,'https://via.placeholder.com/640x480.png/00ddee?text=voluptates',5),(406,82,'https://via.placeholder.com/640x480.png/0099cc?text=laborum',1),(407,82,'https://via.placeholder.com/640x480.png/0088cc?text=aut',2),(408,82,'https://via.placeholder.com/640x480.png/00ee77?text=officiis',3),(409,82,'https://via.placeholder.com/640x480.png/00cc11?text=voluptate',4),(410,82,'https://via.placeholder.com/640x480.png/004499?text=minima',5),(411,83,'https://via.placeholder.com/640x480.png/001122?text=sed',1),(412,83,'https://via.placeholder.com/640x480.png/0055bb?text=nihil',2),(413,83,'https://via.placeholder.com/640x480.png/009955?text=non',3),(414,83,'https://via.placeholder.com/640x480.png/002244?text=sed',4),(415,83,'https://via.placeholder.com/640x480.png/003311?text=et',5),(416,84,'https://via.placeholder.com/640x480.png/001122?text=rem',1),(417,84,'https://via.placeholder.com/640x480.png/00ff11?text=rerum',2),(418,84,'https://via.placeholder.com/640x480.png/0000ee?text=vel',3),(419,84,'https://via.placeholder.com/640x480.png/009933?text=adipisci',4),(420,84,'https://via.placeholder.com/640x480.png/001177?text=harum',5),(421,85,'https://via.placeholder.com/640x480.png/005599?text=minus',1),(422,85,'https://via.placeholder.com/640x480.png/009977?text=officia',2),(423,85,'https://via.placeholder.com/640x480.png/0033dd?text=molestias',3),(424,85,'https://via.placeholder.com/640x480.png/0077aa?text=animi',4),(425,85,'https://via.placeholder.com/640x480.png/00cc44?text=dolorem',5),(426,86,'https://via.placeholder.com/640x480.png/0011aa?text=quaerat',1),(427,86,'https://via.placeholder.com/640x480.png/001122?text=ducimus',2),(428,86,'https://via.placeholder.com/640x480.png/00ccbb?text=iste',3),(429,86,'https://via.placeholder.com/640x480.png/002211?text=officiis',4),(430,86,'https://via.placeholder.com/640x480.png/00ff99?text=est',5),(431,87,'https://via.placeholder.com/640x480.png/00ccbb?text=qui',1),(432,87,'https://via.placeholder.com/640x480.png/00ff55?text=eum',2),(433,87,'https://via.placeholder.com/640x480.png/0099bb?text=ratione',3),(434,87,'https://via.placeholder.com/640x480.png/00bbff?text=at',4),(435,87,'https://via.placeholder.com/640x480.png/00ee99?text=nostrum',5),(436,88,'https://via.placeholder.com/640x480.png/005566?text=enim',1),(437,88,'https://via.placeholder.com/640x480.png/00cc00?text=possimus',2),(438,88,'https://via.placeholder.com/640x480.png/0000ee?text=non',3),(439,88,'https://via.placeholder.com/640x480.png/0055dd?text=ea',4),(440,88,'https://via.placeholder.com/640x480.png/00aa00?text=aut',5),(441,89,'https://via.placeholder.com/640x480.png/00ccdd?text=ducimus',1),(442,89,'https://via.placeholder.com/640x480.png/009922?text=et',2),(443,89,'https://via.placeholder.com/640x480.png/00dd99?text=dolor',3),(444,89,'https://via.placeholder.com/640x480.png/0099bb?text=quos',4),(445,89,'https://via.placeholder.com/640x480.png/003355?text=dolores',5),(446,90,'https://via.placeholder.com/640x480.png/007755?text=quia',1),(447,90,'https://via.placeholder.com/640x480.png/001144?text=repellendus',2),(448,90,'https://via.placeholder.com/640x480.png/00ee22?text=culpa',3),(449,90,'https://via.placeholder.com/640x480.png/0011aa?text=nobis',4),(450,90,'https://via.placeholder.com/640x480.png/000033?text=officiis',5),(451,91,'https://via.placeholder.com/640x480.png/00dd44?text=molestias',1),(452,91,'https://via.placeholder.com/640x480.png/009933?text=aut',2),(453,91,'https://via.placeholder.com/640x480.png/008811?text=sint',3),(454,91,'https://via.placeholder.com/640x480.png/004444?text=officia',4),(455,91,'https://via.placeholder.com/640x480.png/000088?text=in',5),(456,92,'https://via.placeholder.com/640x480.png/00dd77?text=neque',1),(457,92,'https://via.placeholder.com/640x480.png/00ff55?text=eum',2),(458,92,'https://via.placeholder.com/640x480.png/0022bb?text=sequi',3),(459,92,'https://via.placeholder.com/640x480.png/00dd88?text=aut',4),(460,92,'https://via.placeholder.com/640x480.png/000055?text=soluta',5),(461,93,'https://via.placeholder.com/640x480.png/00bb66?text=odit',1),(462,93,'https://via.placeholder.com/640x480.png/0055bb?text=ut',2),(463,93,'https://via.placeholder.com/640x480.png/0077aa?text=libero',3),(464,93,'https://via.placeholder.com/640x480.png/00aa55?text=temporibus',4),(465,93,'https://via.placeholder.com/640x480.png/0000dd?text=impedit',5),(466,94,'https://via.placeholder.com/640x480.png/005588?text=nostrum',1),(467,94,'https://via.placeholder.com/640x480.png/009911?text=voluptatem',2),(468,94,'https://via.placeholder.com/640x480.png/00ffee?text=doloribus',3),(469,94,'https://via.placeholder.com/640x480.png/00ff11?text=est',4),(470,94,'https://via.placeholder.com/640x480.png/0066dd?text=cumque',5),(471,95,'https://via.placeholder.com/640x480.png/009933?text=delectus',1),(472,95,'https://via.placeholder.com/640x480.png/00ee77?text=velit',2),(473,95,'https://via.placeholder.com/640x480.png/0011dd?text=voluptatum',3),(474,95,'https://via.placeholder.com/640x480.png/00ee44?text=incidunt',4),(475,95,'https://via.placeholder.com/640x480.png/00aa88?text=minus',5),(476,96,'https://via.placeholder.com/640x480.png/00dd11?text=pariatur',1),(477,96,'https://via.placeholder.com/640x480.png/008888?text=qui',2),(478,96,'https://via.placeholder.com/640x480.png/00bb99?text=nostrum',3),(479,96,'https://via.placeholder.com/640x480.png/002277?text=et',4),(480,96,'https://via.placeholder.com/640x480.png/00dd77?text=rerum',5),(481,97,'https://via.placeholder.com/640x480.png/0044aa?text=voluptatem',1),(482,97,'https://via.placeholder.com/640x480.png/002211?text=voluptatem',2),(483,97,'https://via.placeholder.com/640x480.png/00bb66?text=repudiandae',3),(484,97,'https://via.placeholder.com/640x480.png/0044ff?text=accusamus',4),(485,97,'https://via.placeholder.com/640x480.png/0033cc?text=hic',5),(486,98,'https://via.placeholder.com/640x480.png/002211?text=aut',1),(487,98,'https://via.placeholder.com/640x480.png/0033aa?text=delectus',2),(488,98,'https://via.placeholder.com/640x480.png/00bbdd?text=a',3),(489,98,'https://via.placeholder.com/640x480.png/00ee66?text=cupiditate',4),(490,98,'https://via.placeholder.com/640x480.png/0055ff?text=maiores',5),(491,99,'https://via.placeholder.com/640x480.png/009988?text=et',1),(492,99,'https://via.placeholder.com/640x480.png/00ddcc?text=accusantium',2),(493,99,'https://via.placeholder.com/640x480.png/00cc11?text=dolores',3),(494,99,'https://via.placeholder.com/640x480.png/00ffee?text=perferendis',4),(495,99,'https://via.placeholder.com/640x480.png/0088ff?text=ex',5),(496,100,'https://via.placeholder.com/640x480.png/003399?text=ut',1),(497,100,'https://via.placeholder.com/640x480.png/00bbaa?text=delectus',2),(498,100,'https://via.placeholder.com/640x480.png/00bb22?text=iusto',3),(499,100,'https://via.placeholder.com/640x480.png/002277?text=exercitationem',4),(500,100,'https://via.placeholder.com/640x480.png/005566?text=praesentium',5);
/*!40000 ALTER TABLE `car_images` ENABLE KEYS */;
UNLOCK TABLES;

--
-- Table structure for table `cars`
--

DROP TABLE IF EXISTS `cars`;
/*!40101 SET @saved_cs_client     = @@character_set_client */;
/*!50503 SET character_set_client = utf8mb4 */;
CREATE TABLE `cars` (
  `id` bigint unsigned NOT NULL AUTO_INCREMENT,
  `year` int NOT NULL,
  `price` int NOT NULL,
  `vin` varchar(255) COLLATE utf8mb4_unicode_ci NOT NULL,
  `car_type` varchar(255) COLLATE utf8mb4_unicode_ci NOT NULL,
  `fuel_type` varchar(255) COLLATE utf8mb4_unicode_ci NOT NULL,
  `maker_id` bigint unsigned NOT NULL,
  `model_id` bigint unsigned NOT NULL,
  `city_id` bigint unsigned NOT NULL,
  `mileage` int NOT NULL,
  `user_id` bigint unsigned NOT NULL,
  `address` varchar(255) COLLATE utf8mb4_unicode_ci NOT NULL,
  `phone` varchar(45) COLLATE utf8mb4_unicode_ci NOT NULL,
  `description` longtext COLLATE utf8mb4_unicode_ci,
  `published_at` timestamp NULL DEFAULT NULL,
  `created_at` timestamp NULL DEFAULT NULL,
  `updated_at` timestamp NULL DEFAULT NULL,
  `deleted_at` timestamp NULL DEFAULT NULL,
  PRIMARY KEY (`id`),
  KEY `cars_maker_id_foreign` (`maker_id`),
  KEY `cars_model_id_foreign` (`model_id`),
  KEY `cars_city_id_foreign` (`city_id`),
  KEY `cars_user_id_foreign` (`user_id`),
  CONSTRAINT `cars_city_id_foreign` FOREIGN KEY (`city_id`) REFERENCES `cities` (`id`),
  CONSTRAINT `cars_maker_id_foreign` FOREIGN KEY (`maker_id`) REFERENCES `makers` (`id`),
  CONSTRAINT `cars_model_id_foreign` FOREIGN KEY (`model_id`) REFERENCES `models` (`id`),
  CONSTRAINT `cars_user_id_foreign` FOREIGN KEY (`user_id`) REFERENCES `users` (`id`)
) ENGINE=InnoDB AUTO_INCREMENT=101 DEFAULT CHARSET=utf8mb4 COLLATE=utf8mb4_unicode_ci;
/*!40101 SET character_set_client = @saved_cs_client */;

--
-- Dumping data for table `cars`
--

LOCK TABLES `cars` WRITE;
/*!40000 ALTER TABLE `cars` DISABLE KEYS */;
INSERT INTO `cars` VALUES (1,2018,68000,'P7IHPHETM6SDL5DT8','Crossover','Electric',4,13,11,441000,2,'7111 Marianne Pass\nPort Koby, GA 97127-8870','768807345','Nam natus aut vitae. Mollitia neque distinctio non sed occaecati cum ea quis. Aut maxime ea laboriosam voluptas expedita. Illo nulla explicabo eum consequatur eius. Distinctio voluptatem qui at nihil saepe aliquid vel laboriosam. Sequi corporis fugiat vel eveniet odit incidunt. Exercitationem similique officiis quia nostrum sint. Et voluptas eum est. Voluptatum unde dolorem iusto est.',NULL,'2024-12-14 04:02:40','2024-12-14 04:02:40',NULL),(2,2001,7000,'I9KSVKUSBY3KLD30Q','Sedan','Hybird',3,12,9,451000,4,'60942 Marks Inlet Suite 735\nNorth Mafaldabury, OK 07087','802229128','Unde tempore in asperiores qui voluptatem. Veritatis aut aut quisquam illo. Est animi voluptate ducimus velit enim nihil. Libero quidem aut alias assumenda nostrum rerum. Aut sit amet consequatur earum et molestiae. Officiis modi repellat quibusdam. A facere eius quam molestiae eos.',NULL,'2024-12-14 04:02:40','2024-12-14 04:02:40',NULL),(3,1983,22000,'8PGNVOIIRETBSF56G','Crossover','Gas',4,16,11,278000,1,'3148 Kellie Shore Suite 016\nRippinchester, HI 30826-8983','629752091','Eos placeat quidem quo. Harum aspernatur ex est tenetur sapiente rerum. Tempore nobis necessitatibus voluptas consequatur et. Nesciunt dolorem inventore aut vitae et. Voluptatem aliquid et nesciunt sapiente qui est ut. Eligendi consequatur dolore ut quasi ut ex praesentium dicta. Ea omnis iste nisi et. A nam aut vel et. In consectetur numquam id totam.','2024-11-21 01:20:36','2024-12-14 04:02:40','2024-12-14 04:02:40',NULL),(4,1980,50000,'PNJV13KJBZZHD5JGG','Sedan','Hybird',1,1,16,68000,3,'2484 Reynolds Haven Apt. 234\nNew Korbin, IL 43557-8342','981055508','Molestias a pariatur numquam quos reprehenderit eos explicabo aut. Fuga et et et odio velit. Enim sint magni pariatur sunt inventore commodi aut. Quam nostrum voluptatem et dolor aut ut. Quia est est nam. Id quidem autem quaerat sunt aut laborum sit velit. Excepturi et consequatur rem et aliquid neque.','2024-11-15 13:25:18','2024-12-14 04:02:40','2024-12-14 04:02:40',NULL),(5,1973,38000,'YTP0N22NEG5XYHACB','Sedan','Diesel',1,2,8,443000,3,'35517 Mozelle Dam Suite 791\nPort Art, IA 67352','981055508','Est quod omnis repudiandae non earum molestiae qui. Praesentium est temporibus labore deleniti. Adipisci vero mollitia non eveniet maiores sed eum. A saepe maxime omnis labore. Ut qui voluptatem provident. Officia nisi sed ex expedita. Vitae doloremque quisquam numquam officia ducimus ullam suscipit. Et vel molestiae ratione ea eligendi nulla.','2024-11-27 15:24:20','2024-12-14 04:02:40','2024-12-14 04:02:40',NULL),(6,1990,27000,'XYNAUMATKHPS6YTDB','Truck','Hybird',5,20,11,205000,4,'477 Justine Underpass Apt. 145\nLake Miguel, WA 07235-4866','802229128','Quia consequatur asperiores accusamus veniam nihil doloremque recusandae. Quos dolorem quidem autem veritatis fugiat. Quis labore id totam magnam delectus at illum. Earum aspernatur officia inventore dolorem in fugit. Tempora mollitia ratione qui dolore excepturi fugiat debitis. Quaerat minima autem sit sed omnis nam maiores.','2024-12-10 09:51:35','2024-12-14 04:02:41','2024-12-14 04:02:41',NULL),(7,1983,74000,'3SYBVLIGBEPXJFKFC','Truck','Diesel',3,10,7,499000,3,'58418 Maxine Views\nSwiftfort, RI 97654','981055508','Et nihil nobis architecto minima quasi ab. Tempore accusamus dolorem nostrum. In nesciunt quis saepe repellat necessitatibus ut labore. Totam provident facilis qui nulla est culpa. Inventore voluptatem eos autem harum cum. Delectus dignissimos vel tempora non. Voluptas ipsa ea officia rerum animi quidem aperiam.',NULL,'2024-12-14 04:02:41','2024-12-14 04:02:41',NULL),(8,1996,85000,'A1C8FXZUUMBN5OROT','Sedan','Hybird',5,20,6,114000,2,'475 Cayla Shores\nDurganland, AR 69306','768807345','Perspiciatis ducimus omnis sed doloribus ducimus eum. Optio iste qui porro. Rem alias fuga sequi et voluptate quia ut. Consequatur quo est quos maiores sunt aperiam nihil. Quis sequi architecto quas magnam et consequatur autem. Et qui rem aut omnis cupiditate a.','2024-11-17 01:50:21','2024-12-14 04:02:41','2024-12-14 04:02:41',NULL),(9,2014,30000,'NRHBNHPTKKZTQ3IXJ','Sedan','Gas',5,17,18,444000,3,'1062 Leffler Ford\nEraport, GA 05673-2220','981055508','Esse dolores sint molestias cupiditate delectus ut. Est tempore quaerat culpa rerum at perferendis. Aut molestias enim et aliquid officiis ab repellendus totam. Quia doloremque nesciunt quo aperiam praesentium rerum. Ut nihil sequi quia sapiente corrupti. Nesciunt est quo rem repellendus quam. Impedit aut et ipsam laborum facere reiciendis tempora.','2024-12-09 04:35:48','2024-12-14 04:02:41','2024-12-14 04:02:41',NULL),(10,1974,5000,'2LFL2S9BG0SJLED9F','Coupe','Electric',1,4,7,149000,1,'51711 Ethan Walks\nLarkinfort, OH 76739','629752091','Et similique architecto ipsam sapiente. Eveniet placeat inventore quia commodi. Quo labore ut aut atque. At delectus illo hic distinctio ab eos temporibus. Omnis et quaerat enim exercitationem dolores quae qui. Et et repellendus qui laboriosam aut repellendus. Non esse nihil perferendis facere qui omnis hic. Autem pariatur voluptas nesciunt aut itaque.','2024-11-24 07:03:39','2024-12-14 04:02:41','2024-12-14 04:02:41',NULL),(11,1981,75000,'YMDMTJC45SW2RQGSQ','SUV','Hybird',2,7,15,161000,4,'44214 Felicity Rest Apt. 421\nEast Zachery, CO 68997-6274','802229128','Doloremque in unde quod quod molestias. Ipsam eos nemo voluptate inventore occaecati recusandae rerum. Deleniti provident numquam placeat facere. Corrupti delectus libero velit et aut numquam nam. Repellat reprehenderit quia consequatur ipsa alias doloribus eaque. Quo non qui exercitationem atque. Quasi aut facere enim similique voluptas qui fugit.','2024-11-18 12:45:05','2024-12-14 04:02:41','2024-12-14 04:02:41',NULL),(12,2011,37000,'HRPXDW9RRQSBMD4SG','SUV','Gas',1,4,7,156000,2,'8775 Mraz Spur\nAntonetteberg, OR 40095','768807345','Qui ut deleniti maxime ullam numquam dignissimos vitae. Omnis rerum inventore quaerat aut minima maxime nostrum. Voluptate dolores et non nesciunt a officiis. Minus natus voluptatum odio. Est debitis earum quos vitae magni. Et aspernatur assumenda nisi. Atque qui nihil architecto consectetur aut. Illo molestiae vitae officiis harum vel pariatur libero repudiandae.','2024-11-28 12:22:54','2024-12-14 04:02:41','2024-12-14 04:02:41',NULL),(13,1993,53000,'MIRNZAMY6FYYJW9DO','Van','Gas',2,5,7,333000,4,'1212 Kuhic Brooks\nZettamouth, LA 55458','802229128','Earum id ducimus nam omnis voluptatem. Illo id tempora et sapiente. Velit cum earum nemo officia ipsum unde id. Ea ducimus saepe cum eos dolor voluptas. Nam animi et doloribus perferendis rerum aspernatur. Perspiciatis et dolor ea quam dolorem quia tempore. Labore inventore eum blanditiis consectetur quia et. Et doloribus et a omnis corporis sunt iusto tempore.','2024-11-25 00:30:59','2024-12-14 04:02:41','2024-12-14 04:02:41',NULL),(14,1973,11000,'XD7RZJBSHFW94UBFF','Truck','Electric',4,16,15,319000,1,'42172 Wilma Divide\nEast Murray, MN 20647-4169','629752091','Blanditiis vitae ea aliquam quia. Aut voluptas numquam laudantium earum. Illo voluptatem dolorum aut eaque. Aut fugit nihil sint assumenda. Impedit quisquam repellendus laborum qui et aliquid. Sit magni occaecati odio iste odio. Qui suscipit incidunt est excepturi deleniti. Numquam sint eum animi est. Nesciunt voluptatem aut in harum aut aspernatur. At magnam non modi. Aut aut eum doloribus.','2024-11-15 10:01:50','2024-12-14 04:02:41','2024-12-14 04:02:41',NULL),(15,2000,72000,'23MA75DTM38FW07FJ','Crossover','Electric',2,7,16,373000,3,'714 Frederik Pike Suite 303\nMoriahstad, OK 74574','981055508','Veritatis natus omnis necessitatibus quaerat et. Rerum saepe amet quas cumque. Molestiae voluptate et nulla nobis atque. Et et reprehenderit blanditiis. Voluptatibus laudantium commodi tempora rerum velit ratione. Quo ipsam in quia omnis eligendi. Est fugiat voluptatum recusandae consequatur.','2024-12-09 18:57:52','2024-12-14 04:02:41','2024-12-14 04:02:41',NULL),(16,1985,61000,'GNOBIBKOZXMIL5EAH','Sedan','Diesel',5,18,11,289000,1,'4434 Albertha Station Suite 304\nHillbury, TN 98253','629752091','Quos sint nihil sequi aliquid vel sit aut. Qui dolorem in non culpa consequatur. Error at architecto qui. Laborum culpa culpa minima dolores et dignissimos non. Est exercitationem rerum nostrum. Doloremque nesciunt dignissimos esse dolores quia ratione non. Et debitis non hic sit aperiam. Delectus reprehenderit sed reiciendis amet sunt aut.','2024-11-25 04:47:48','2024-12-14 04:02:41','2024-12-14 04:02:41',NULL),(17,2004,84000,'X7IEDRN4J1SDTQXTF','Coupe','Hybird',3,9,12,177000,4,'9880 Ocie Plain Apt. 865\nNoahfurt, ID 92070','802229128','Sed aliquam incidunt quis voluptatem deleniti. Fugiat sit aut iusto qui. Quis veritatis et illo ab aut sit soluta. Ut dolores molestias rem deserunt nobis minima. Veniam qui error quisquam nemo. Ipsam similique dignissimos porro sit. Quis non nobis odio molestiae nihil. Ut laborum quia voluptatem ratione ad aut non.','2024-11-23 16:51:57','2024-12-14 04:02:41','2024-12-14 04:02:41',NULL),(18,1980,7000,'OIATXYG4X2B9CNUWZ','Van','Hybird',5,19,12,105000,3,'560 Hoppe Route\nEast Parker, AK 76277','981055508','Perferendis eos soluta nihil aut nisi esse blanditiis. Iure ab qui quia architecto. Excepturi dolor corrupti molestias ad et. Et consequuntur nulla assumenda ducimus dignissimos. Vero enim velit eligendi et laborum est. Facilis expedita qui enim nam et eum quae. Possimus qui qui quia ex quod. Nisi odit est aperiam rerum labore nostrum porro.','2024-11-18 00:56:22','2024-12-14 04:02:41','2024-12-14 04:02:41',NULL),(19,2014,30000,'UWJ9ELZ8XLYLGG9TT','Truck','Hybird',4,15,1,212000,4,'62611 Tara Junction\nWest Everett, NE 33379-5835','802229128','Nam sed et ipsam ut at. Repellendus porro eius ratione nisi reprehenderit amet occaecati voluptatem. Perferendis error voluptatem impedit. Id voluptas ea et sint sequi deserunt consequatur. Provident corporis recusandae commodi aut laboriosam consequatur aut. Eum ipsam et ipsum et sint ea. Illo et fuga repellat et aperiam. Nihil aperiam quas ipsam.',NULL,'2024-12-14 04:02:41','2024-12-14 04:02:41',NULL),(20,2006,44000,'6OHIPTZJOIOJPZS03','Coupe','Gas',4,13,13,465000,3,'3697 Mckenzie Viaduct Apt. 641\nLake Corrinemouth, NM 50743-9024','981055508','Eaque perspiciatis pariatur sint nobis nihil. Beatae exercitationem praesentium vel vero. Vero voluptatem nemo consequatur. Amet exercitationem natus similique sed. Ratione eaque sequi voluptas consequatur.','2024-11-14 13:52:55','2024-12-14 04:02:41','2024-12-14 04:02:41',NULL),(21,1999,13000,'PELZOH6KHESQ7HEMI','Crossover','Diesel',5,17,11,79000,4,'61093 Dickinson Pass\nPort Aldafurt, AL 44311-8628','802229128','Voluptas deleniti et quisquam quo id natus voluptatem. Culpa nihil deserunt ratione cumque ullam in. Tempora sunt sint aspernatur unde dolor nam. Delectus praesentium nesciunt voluptatibus ex beatae. Quo quia earum quam aut. Esse error eveniet ut maxime eum eaque. Deserunt nostrum id et dolores. Consequuntur quis ea blanditiis laudantium soluta.','2024-11-25 03:26:28','2024-12-14 04:02:41','2024-12-14 04:02:41',NULL),(22,1971,27000,'U5OSDKXD2MICXHIKO','Crossover','Electric',5,19,5,276000,4,'88145 Alysson Plaza Suite 140\nOrphatown, IN 30418-3229','802229128','Sequi cum quam ut. Cum sit magni cum repellat eos quis harum. Ut quaerat recusandae soluta modi. Asperiores non assumenda eveniet nam quasi. Praesentium repudiandae quod blanditiis eius. Repellendus nihil ullam sunt rerum possimus. Nihil non natus animi distinctio culpa voluptatem. Quia quia enim at rerum porro mollitia et. Ab deleniti libero velit quam voluptas repellat.','2024-11-19 21:02:36','2024-12-14 04:02:41','2024-12-14 04:02:41',NULL),(23,1980,20000,'GB2SCJ3QGI87H0OHU','Van','Diesel',5,18,2,328000,2,'478 Rodrick Crossroad\nEast Elna, OH 37419','768807345','Exercitationem qui et aut tenetur. Reprehenderit assumenda excepturi id consectetur vitae. Perspiciatis rem accusantium natus architecto. Quisquam quidem tenetur reprehenderit nemo autem. Ea consequatur vero ullam est. Magni nostrum voluptatem et. Quaerat libero modi exercitationem qui unde explicabo.','2024-12-06 14:47:17','2024-12-14 04:02:41','2024-12-14 04:02:41',NULL),(24,1975,44000,'8NCXMUAUM0H2LRE0D','Truck','Hybird',1,2,13,475000,4,'35896 Terry Corners\nNew Valentina, CO 94120-9188','802229128','Officia debitis nihil nemo qui. Veniam voluptatem voluptatibus necessitatibus fuga harum vel a. Fugiat eum animi architecto soluta dolorum. Rerum voluptatem temporibus qui accusamus non beatae corrupti. Necessitatibus dicta qui debitis aut nulla est. Dolores minima dolorum ipsam voluptas quisquam vel. Veniam laboriosam laudantium iure rerum eos consectetur eius unde.','2024-11-19 00:27:07','2024-12-14 04:02:41','2024-12-14 04:02:41',NULL),(25,1995,10000,'ERWSY9BECCTQDMDMJ','SUV','Diesel',1,3,10,382000,4,'3603 Wiza Islands Apt. 933\nRaufurt, MD 60144','802229128','Maiores et beatae aliquam nobis laudantium consequuntur dolores. Maxime expedita corporis aperiam ab inventore omnis aliquid. Deserunt ducimus officiis amet deserunt et nisi. Inventore labore blanditiis ducimus. Autem error sed rerum quam eaque dolores eos maiores. Soluta enim omnis aut. Aut cupiditate aspernatur tempora.','2024-11-15 00:28:58','2024-12-14 04:02:41','2024-12-14 04:02:41',NULL),(26,2002,75000,'2FKJZB40TYLFXM9F7','Coupe','Gas',5,17,17,136000,1,'67651 Al Mountain\nNorth Krystel, IA 53447','629752091','Velit unde sit corporis inventore ratione accusantium. Cum iusto magni molestiae soluta ut optio. Dolore rerum accusantium quas ratione. Iusto eum non quia esse cupiditate. Inventore distinctio iure voluptas est autem beatae. Quia cupiditate et qui eos.','2024-12-02 07:14:48','2024-12-14 04:02:41','2024-12-14 04:02:41',NULL),(27,2000,43000,'OGMKSDV2UXLOLXZVL','Truck','Gas',1,3,3,174000,4,'459 Anderson Pass\nNorth Marianaton, AR 34085-0932','802229128','Qui beatae quisquam quis enim quia. Facere quaerat et sint voluptas. Fugit est quisquam similique ut voluptatem quo. Animi molestias eos unde ullam. Impedit delectus nulla sit enim recusandae esse rem velit. Aut eligendi est est nostrum placeat. Et sapiente iusto laborum cumque.','2024-12-06 01:29:19','2024-12-14 04:02:41','2024-12-14 04:02:41',NULL),(28,2008,92000,'KIJHGDYSMKABE072Q','Crossover','Diesel',4,15,5,147000,3,'433 Swaniawski Wall\nNew Mattborough, WA 69989','981055508','In sapiente dolor laudantium consequatur fuga vero. Et molestiae fugiat iure eum dolor id. Magni ut et fuga aperiam voluptatem. Et corporis officia et nemo. Qui alias illo commodi. Dolores excepturi sapiente voluptatem et aut corrupti. Dolores animi beatae vero tempore. Beatae maiores ad commodi provident.','2024-11-26 13:05:15','2024-12-14 04:02:41','2024-12-14 04:02:41',NULL),(29,1973,61000,'H4M8HHPWZPLWJZNG2','Coupe','Gas',1,2,8,232000,4,'719 Schowalter Walks Apt. 798\nEverettefort, RI 20290-7541','802229128','Ut maiores et ab voluptate perspiciatis quo sed. Molestiae rerum molestias voluptatem velit et et. Facere necessitatibus dolorem optio hic magnam harum aut. Rerum accusamus fugiat voluptatem eveniet. Voluptatem repudiandae nesciunt et voluptatem quam quos quasi. Eos et dolorem aspernatur excepturi saepe. Eum asperiores aperiam nesciunt nemo aut.','2024-12-06 14:00:37','2024-12-14 04:02:41','2024-12-14 04:02:41',NULL),(30,1994,42000,'NWC2RYLBVFYB2QY14','Sedan','Hybird',2,6,11,389000,1,'27930 Clifford Meadows Apt. 384\nNorth Neldamouth, LA 11828','629752091','Possimus dolor necessitatibus et reprehenderit qui. Rerum eaque nisi aut eum est. Sit mollitia dicta repellat reiciendis dolor aut libero. Ea harum qui sed et. Delectus autem eum labore. Et dicta non ut quas. Vel sapiente et enim aut. Expedita nam commodi et voluptate dolores. Asperiores sint odio et sequi qui corporis aut.','2024-11-20 09:15:57','2024-12-14 04:02:41','2024-12-14 04:02:41',NULL),(31,1996,72000,'YXTCDVVVFHGVBWVIJ','Coupe','Diesel',3,9,16,301000,3,'26912 Jeffery Drive Apt. 670\nBoganview, GA 06071-2359','981055508','Natus odio non necessitatibus. Sint cum est molestias quos et et. Veritatis nihil possimus doloribus repudiandae aut est. Consectetur voluptatem quasi beatae ea. Dolor est reiciendis corrupti esse consectetur. Odit consequatur sed assumenda quos porro. Voluptas voluptatem eos sequi laborum inventore dolor sit. Aliquid laboriosam maxime explicabo nam.','2024-11-27 09:54:07','2024-12-14 04:02:41','2024-12-14 04:02:41',NULL),(32,1971,65000,'LCPKLNUICHJVZBXNW','Sedan','Electric',2,8,16,18000,3,'198 Roxane Club Apt. 510\nNorth Montana, GA 32989-5110','981055508','Et accusamus dignissimos sunt sint consequatur dolorum et. Explicabo est esse impedit et deserunt ea fuga. Illum quasi beatae distinctio esse aut. Nihil aut voluptatem et omnis. Dignissimos vel culpa repellendus eius molestiae. Beatae expedita sed non nostrum voluptatem consequatur tempora. Cumque odio velit velit voluptatem accusamus. Officia repellat error corrupti ut quas illum nobis.','2024-12-05 07:58:03','2024-12-14 04:02:41','2024-12-14 04:02:41',NULL),(33,1995,8000,'UN26NCQYETSAGABAN','Coupe','Diesel',2,8,4,76000,2,'212 Hilario Garden Suite 841\nNew Aglae, KY 38606-7391','768807345','Et vero qui ullam accusamus omnis vitae quia. Maiores omnis earum enim fugit ea ullam doloribus. Id asperiores earum magnam inventore et placeat aut. Quisquam qui adipisci maxime necessitatibus ipsam doloribus asperiores quisquam. Cupiditate autem molestiae ipsam ipsum.','2024-11-16 09:23:38','2024-12-14 04:02:41','2024-12-14 04:02:41',NULL),(34,1988,26000,'UIFAQIK0DZPEDBQZN','Van','Electric',4,13,15,248000,2,'6083 Kshlerin Harbors\nSouth Abestad, WA 96555','768807345','Est ut excepturi sed nihil laborum tempore rerum. Cupiditate eos hic reprehenderit et dolorem ullam. Exercitationem quasi quo quia ea error vero voluptatum odit. Placeat culpa porro et non. Quo occaecati excepturi quis consequatur et. Asperiores recusandae expedita ea nulla atque quod et. Id id quaerat et voluptas.','2024-11-17 01:53:32','2024-12-14 04:02:41','2024-12-14 04:02:41',NULL),(35,2009,44000,'CUNCZU719SQHCRY0E','Crossover','Diesel',1,4,18,299000,2,'5906 Maggie Fields Suite 084\nSouth Bertmouth, WA 13428','768807345','Deleniti nesciunt optio voluptatem modi. Ut nobis perspiciatis impedit veniam deserunt aut ipsum. Et sapiente sit esse perferendis enim non. Consequatur harum maiores sit eaque commodi. Voluptas quae atque repellendus ea. Accusantium tempore dolorum velit sed reprehenderit perferendis quia. Eos reiciendis possimus nihil nihil qui.',NULL,'2024-12-14 04:02:41','2024-12-14 04:02:41',NULL),(36,1974,87000,'NB6EA861YMLZBI95F','Coupe','Gas',3,11,9,383000,2,'42188 Ankunding Harbor\nNew Delbert, ID 28904','768807345','Voluptas molestias sequi vero et molestiae qui debitis ut. Qui voluptates repellendus asperiores enim sint doloribus. Ullam voluptatibus praesentium possimus ducimus esse vel. Distinctio consequuntur vero et voluptas velit molestiae unde. Error mollitia ut dolores voluptas a. Cumque dolores non et aut quibusdam est. Doloribus quae aut repudiandae autem laboriosam et. Alias eos commodi quisquam.','2024-12-07 07:10:17','2024-12-14 04:02:41','2024-12-14 04:02:41',NULL),(37,1980,27000,'Y2UZPYVCKDL297AMR','Van','Hybird',5,19,10,306000,4,'203 Kohler Inlet Apt. 549\nNew Patienceberg, DC 86532','802229128','Voluptas magni itaque assumenda iure sit optio. Dolores et sunt deleniti facere delectus aut. Numquam porro in accusantium cum eos ut. Iusto optio aut eius et quae ut. Sit atque mollitia natus natus. Recusandae accusamus quos ad. Corrupti vero sit ullam minima at qui.','2024-11-21 23:06:31','2024-12-14 04:02:41','2024-12-14 04:02:41',NULL),(38,1993,79000,'0RQWLV4ZGEDFTVWY8','Sedan','Electric',2,7,3,375000,3,'46058 Runolfsson Forest\nCandidaland, NE 73090','981055508','Aut illo dignissimos tempora voluptatibus et dolores. Eos vel sunt tempora neque sint nulla rerum. Omnis cumque dolorum ut dolore et. Dolore libero eaque nihil sunt delectus maiores. Mollitia aut nesciunt molestias dicta assumenda itaque rerum. Nisi quo delectus ut.','2024-11-22 18:42:40','2024-12-14 04:02:41','2024-12-14 04:02:41',NULL),(39,1985,12000,'THAYI5LHGVH8PFNCZ','SUV','Diesel',1,4,10,332000,3,'4913 O\'Conner Dam Suite 033\nLake Eloisafurt, OR 26772','981055508','Occaecati dolores eveniet velit velit similique. Ad minima vel minima minus cupiditate. Dolores vitae facere doloremque fuga. Nemo maxime qui qui repellat veniam rerum delectus. Autem ratione delectus tempora quasi debitis quae eius. Quaerat unde nemo qui ut dignissimos aspernatur.','2024-12-07 01:49:49','2024-12-14 04:02:41','2024-12-14 04:02:41',NULL),(40,1974,76000,'O9JKDYVFCQSY1JCWL','Truck','Hybird',4,16,15,182000,4,'87704 Rosenbaum Freeway\nPort Dereck, CO 17849-7066','802229128','Molestiae id necessitatibus enim ratione a eos beatae. Neque natus qui nisi et unde dolorem. Sequi sint iste laudantium ullam perspiciatis neque. Laudantium veniam quam ullam ratione. Accusantium doloremque ab sequi quam dolores ea explicabo. Consequatur magnam quasi consequatur alias. Dolor numquam possimus in dolorem eligendi sit ut asperiores.','2024-11-15 22:06:31','2024-12-14 04:02:41','2024-12-14 04:02:41',NULL),(41,2022,51000,'ABYWXIFU3JS2UGJR7','Van','Hybird',2,8,18,26000,2,'55642 Meta Views Apt. 171\nBreitenbergside, WY 35477','768807345','Illo iste pariatur consequatur et. Sapiente beatae a deleniti nulla qui in eos. Maxime recusandae et ut non dicta. Maxime delectus expedita aut est omnis voluptatum. Non omnis earum autem. Ducimus quod doloribus nihil id quis. Et similique perspiciatis nostrum sapiente officia quo reprehenderit est.','2024-11-16 07:36:33','2024-12-14 04:02:41','2024-12-14 04:02:41',NULL),(42,2021,12000,'MRIS2L5S2TEZRPL7O','Van','Gas',1,1,16,275000,2,'1642 Maurine Throughway\nEmilieburgh, VA 34393-7638','768807345','Consequatur eos voluptatem autem minus voluptates ipsam et. Perspiciatis similique et velit alias. Eos veniam perspiciatis sunt blanditiis aut et eius et. Suscipit eos officia incidunt sint vero cupiditate. Quo sit mollitia possimus at nihil ipsa vel. Voluptatibus praesentium vero cupiditate laboriosam et aut. Odit non tempore exercitationem.','2024-11-26 14:28:57','2024-12-14 04:02:41','2024-12-14 04:02:41',NULL),(43,1990,51000,'F5EGRPX3VUKFKUKFN','Sedan','Diesel',1,2,15,417000,4,'281 Grady Crescent\nChasityfort, UT 83980','802229128','Quisquam adipisci natus dicta quidem. Dicta perferendis sit itaque quam. Labore quaerat libero ipsam. Accusantium fugiat repellendus aut rerum et. Totam illo magni fugiat voluptatem quis fugiat ut. Aut molestias et esse sit accusantium. Adipisci eum debitis adipisci sint occaecati nulla. Eum sunt magni aut. Dolores fugit vel repellat ipsum iste voluptatem.','2024-11-28 17:36:38','2024-12-14 04:02:41','2024-12-14 04:02:41',NULL),(44,1994,80000,'D0UXKTYXHFCNQN5AL','Coupe','Diesel',5,18,1,363000,1,'408 Huel Drive\nDevanchester, OH 45843','629752091','Tempore et itaque iure sed autem nulla vitae exercitationem. Reiciendis doloremque ducimus et et eos sequi. Numquam omnis dolorem quis voluptatem hic molestiae aut. Ut architecto distinctio sapiente omnis id magnam earum. Natus assumenda ut fugit. Illum quisquam omnis qui eligendi et magnam. Non tempore error eum. Qui voluptates architecto commodi sint. Voluptatum nulla reiciendis quia assumenda.',NULL,'2024-12-14 04:02:41','2024-12-14 04:02:41',NULL),(45,2013,81000,'79Y8A0R7BFENJPHC9','SUV','Electric',3,11,9,310000,1,'522 Bertrand Cape Suite 003\nBatzfort, AL 43253','629752091','Totam nesciunt ut commodi ipsa. Totam quas quos sint autem. Repellat velit aut sit unde nesciunt quo vitae animi. Placeat id perspiciatis fuga. Velit earum ea facere. Quod veritatis expedita labore. Eveniet itaque dolor suscipit. Culpa in ut doloribus voluptatibus quos accusantium.','2024-11-29 00:43:41','2024-12-14 04:02:41','2024-12-14 04:02:41',NULL),(46,1984,9000,'O67QBZCL5F1RG8APM','Crossover','Electric',1,1,12,293000,1,'37465 Larkin Hollow Apt. 637\nPort Bernita, FL 76383-8977','629752091','Laborum officia soluta assumenda esse. Aut vitae ut voluptas. Dolorem ut pariatur aut quo mollitia quis. Ipsam et in aut qui voluptas voluptatum fuga. Ut voluptas eligendi nostrum suscipit atque a. Alias blanditiis deleniti rerum quia mollitia. Nostrum iste aut quasi consequatur nihil doloribus.','2024-12-08 07:08:20','2024-12-14 04:02:41','2024-12-14 04:02:41',NULL),(47,2016,95000,'7C523ARJSMDSSKNI7','Van','Diesel',1,2,8,330000,2,'844 Rosenbaum Square\nSouth Florianside, GA 16490-5785','768807345','Facere et qui consequatur optio id. Nostrum dignissimos est ut velit quis soluta. Esse qui aspernatur eveniet quis. Rerum autem asperiores et eos mollitia praesentium. Quia ut magnam debitis aliquam exercitationem molestiae eum. Architecto ut harum nisi exercitationem reprehenderit. Ducimus porro rerum earum non nihil rerum rerum. Cupiditate sed alias voluptas dolorem et maiores.','2024-11-20 10:58:12','2024-12-14 04:02:41','2024-12-14 04:02:41',NULL),(48,2014,92000,'FNLL7ZAGNDNCG31WI','Sedan','Diesel',2,5,3,163000,3,'447 Bailey Pike Suite 515\nMayertside, KY 79435','981055508','Ea et iure voluptas excepturi ut. Minus quibusdam et qui quo sed laboriosam. Rem omnis praesentium consequatur veritatis impedit eius rerum reprehenderit. Omnis qui id cupiditate suscipit ipsam et nisi voluptas. Suscipit fugiat autem autem eum officiis. Culpa mollitia eligendi mollitia harum tenetur est ut molestiae.','2024-11-22 19:35:07','2024-12-14 04:02:41','2024-12-14 04:02:41',NULL),(49,1997,88000,'NCDJVRIWFNRNP8VOR','SUV','Hybird',4,13,3,463000,4,'16583 Nienow Way\nNorth Emilie, OK 83450','802229128','Molestiae inventore et sed maiores inventore. Non debitis incidunt minus nihil architecto. Officiis nihil voluptate animi voluptas hic placeat praesentium. Et voluptatem qui asperiores repudiandae repudiandae a asperiores deleniti. Atque est et quod aut eligendi culpa velit. Dolore ut cum ut repellendus necessitatibus et dicta. Voluptatem sint qui eveniet eos architecto perferendis.','2024-12-09 23:53:24','2024-12-14 04:02:41','2024-12-14 04:02:41',NULL),(50,1999,63000,'WVPMBNOMHDONJKOOE','Crossover','Gas',3,12,12,264000,3,'9638 Williamson Walks\nAliaport, MT 17405-6305','981055508','Dolores omnis expedita dolore nobis. Consequatur eum quisquam voluptatum perspiciatis doloremque. Sed aut ducimus est quae dolorum minima. Quasi laboriosam voluptate corrupti sapiente veritatis ab. Vero numquam excepturi recusandae ullam doloribus nihil. Asperiores dolores vitae laborum culpa temporibus. Reprehenderit sint earum esse quia nemo.','2024-12-05 23:46:57','2024-12-14 04:02:41','2024-12-14 04:02:41',NULL),(51,2002,63000,'A4SDBU8IJ22GXLEEX','Van','Diesel',2,5,12,420000,5,'7251 Theodore Loaf Suite 340\nKuhntown, AK 28813','938405459','Incidunt quo eligendi magni est quo minima similique. Minima odit ut consequatur ipsum reiciendis. Dolore quas corrupti quo ut. Qui omnis quo doloremque consectetur ut et consequatur. Blanditiis voluptatum est repudiandae aliquam ea. Id quia tempora similique. Ut aliquam excepturi harum. Fugit sapiente ea aut labore est laborum autem. Explicabo unde odio est voluptatem facilis.','2024-11-25 03:22:36','2024-12-14 04:02:41','2024-12-14 04:02:41',NULL),(52,1991,98000,'YCNJOW7GPWMJBBIKY','Crossover','Gas',4,16,10,136000,1,'5548 Waylon Manors\nNorth Nyah, DC 28887','629752091','Est eum magnam vero impedit voluptatem dolores. Nisi omnis quia consectetur pariatur. Expedita voluptatem ad non iure neque aut fugiat. Sit voluptate enim soluta itaque quia. Ut delectus enim velit dolorem doloremque harum. Cumque assumenda ea cupiditate dolor voluptate. Dolor et et quis quas dolorem.','2024-11-15 20:50:40','2024-12-14 04:02:41','2024-12-14 04:02:41',NULL),(53,1986,94000,'M39ABYMWCNDMJZ6S3','Truck','Hybird',1,3,6,251000,1,'696 Schimmel Vista Apt. 190\nBeahanstad, TX 37444','629752091','Est delectus aut ea reiciendis. Est sapiente veniam cum fuga est. Placeat necessitatibus atque vitae aut. Suscipit ab dignissimos magni sunt cumque. Laborum ut pariatur et dignissimos a velit. Deserunt voluptas quo magnam et. Quis neque blanditiis nobis impedit eos nostrum dolorem rem. Quia nihil debitis porro sed quisquam inventore eos.','2024-12-12 02:04:37','2024-12-14 04:02:41','2024-12-14 04:02:41',NULL),(54,2013,37000,'DHHRS3HUSYKHFBBQD','Crossover','Gas',2,7,12,428000,4,'88746 Fritsch Trail\nBrielleshire, DC 60307-7964','802229128','Sed qui at sit sit quod occaecati. Sunt nulla quos magni distinctio quasi velit. Veritatis quia expedita omnis tenetur. Est pariatur ad laboriosam quia. Cum eaque velit aliquam quia. Laborum dolorum odit dolor saepe consectetur. Porro sed voluptatem perferendis odit. Non ullam error quae et enim nihil. Quaerat quia rem ipsam et.','2024-12-05 10:33:50','2024-12-14 04:02:41','2024-12-14 04:02:41',NULL),(55,1994,76000,'JWWGSW7AK6BXUVCMU','Crossover','Electric',2,5,5,255000,4,'35269 Koss Ramp\nWest Valentinefurt, AR 11650','802229128','Maiores amet quam iste ipsum. Tenetur odit cupiditate modi exercitationem. Quibusdam enim delectus delectus et quis quos. Sed beatae velit autem incidunt totam dolore fuga sit. Autem veniam aut quasi. Et beatae sint sit nihil nihil culpa voluptatem. Omnis provident quibusdam blanditiis quam.','2024-12-09 10:24:49','2024-12-14 04:02:41','2024-12-14 04:02:41',NULL),(56,1992,39000,'WPNTVSYCJSKBMESZT','Sedan','Hybird',4,16,4,342000,4,'6524 Timmothy Field Suite 813\nKonopelskimouth, KS 22289-0643','802229128','Omnis dolorum nobis iusto sed aliquam. Qui at porro omnis et magnam eum autem. At consequatur ullam totam odit sed impedit. Repellendus velit et officia eaque et adipisci quibusdam dolores. Et rerum placeat voluptas dolorum consequatur sed. Tenetur et recusandae vitae ab. Sit eos dolores inventore minima. Voluptas in qui ad recusandae. Voluptatem amet voluptatem qui asperiores magni.','2024-12-09 04:08:21','2024-12-14 04:02:41','2024-12-14 04:02:41',NULL),(57,2010,25000,'NXA4IZPLPITGKMTW1','Sedan','Electric',3,11,5,25000,5,'7500 Darrell Common Suite 398\nSouth Dayanaburgh, MD 52353-7393','938405459','Voluptatem doloribus perspiciatis non voluptatum ipsam tempora eum. Nihil mollitia eum unde qui. In sit voluptatem qui ut reiciendis neque. Officiis et saepe voluptas sed. Sunt odit est aspernatur autem corporis aliquam. Sint quas cupiditate qui aut porro aut tempora. Et unde ab ullam aut suscipit ut incidunt a. Similique deleniti provident nihil dolores dolores vel.','2024-11-18 04:16:15','2024-12-14 04:02:41','2024-12-14 04:02:41',NULL),(58,2015,66000,'S9NT8DV2IYGIJJWIK','Sedan','Hybird',2,7,14,402000,1,'711 Prudence Fields Apt. 860\nHudsonburgh, UT 96242-8198','629752091','Id suscipit et voluptates maxime sint fuga. Et consectetur esse optio sapiente vel. Quo et reiciendis vel ullam quod ab pariatur. Voluptates fugiat vel similique repudiandae possimus. Numquam totam ad sint ab cupiditate. Amet quo soluta rerum. Commodi ut dolorem et itaque quos.','2024-12-06 08:29:38','2024-12-14 04:02:41','2024-12-14 04:02:41',NULL),(59,1997,7000,'K96NTKLLOSSHCB2NY','Sedan','Diesel',1,2,11,440000,5,'13943 Connelly Brooks Suite 148\nGulgowskihaven, MS 76867-7153','938405459','Quia molestias veritatis magnam minus ex. Qui facere veniam nobis vel possimus. Officiis non quisquam accusantium non laudantium atque rem. Animi enim et quos omnis itaque ut et. Rem vel perferendis quasi. Cum enim quia sint aut accusamus odit. Soluta consequuntur ea hic adipisci.','2024-11-28 05:32:03','2024-12-14 04:02:41','2024-12-14 04:02:41',NULL),(60,1973,32000,'P4KBVZAQ6JYM2WLCI','SUV','Gas',3,10,10,219000,2,'319 Shanahan Spring Apt. 221\nLake Brant, TX 91254-3157','768807345','Rem nulla commodi numquam quidem quibusdam eaque et. Ut non est aliquid quo deserunt. Impedit modi eius tempore laborum aut laudantium voluptatem voluptas. Voluptatem consequatur earum quasi. Quod dolor illo inventore mollitia. Officia odio est et quidem nisi saepe tempora est.',NULL,'2024-12-14 04:02:41','2024-12-14 04:02:41',NULL),(61,1972,5000,'BC2CUKIAUZMTS5AIT','Coupe','Gas',5,19,13,428000,5,'71085 Terrell Rue\nNew Emilioland, DE 78269','938405459','Enim laborum iste cumque maiores hic. Accusantium quis laudantium ut eos. Error magnam quidem doloribus vel beatae sed in consequatur. Cupiditate at distinctio repudiandae reiciendis. Dolor in culpa et doloribus quis fugit quam culpa. Beatae et praesentium sed ab enim voluptatem est. Et nulla laborum aliquid suscipit expedita.','2024-12-03 17:54:22','2024-12-14 04:02:41','2024-12-14 04:02:41',NULL),(62,1976,88000,'FMLBPISQTLGSQALJU','Coupe','Gas',5,19,14,474000,3,'6603 Strosin Coves\nSouth Laurie, MS 09555','981055508','Sunt magnam similique consequatur sed ea soluta provident id. Dolorum sequi velit sit dolores voluptas eum. Suscipit et voluptate qui est et error perspiciatis sit. Eum illum tempora quia velit nesciunt amet. Molestias iste vero fuga. Pariatur culpa est qui unde maiores. Dicta sint ut et natus tempore natus. Veritatis qui beatae aut voluptatem dolor quidem blanditiis.','2024-11-22 08:20:54','2024-12-14 04:02:41','2024-12-14 04:02:41',NULL),(63,1972,23000,'DWFIWIWYPO7BQNUFG','Van','Electric',4,14,10,383000,5,'7829 Mireille Bypass Apt. 247\nSouth Kirktown, HI 32468-2669','938405459','Vitae facilis quisquam non voluptates ut tenetur maxime. Sit ut tenetur pariatur aut eaque. Ea molestias omnis occaecati nostrum. Omnis sapiente laboriosam quia cupiditate. Unde saepe qui autem cum. Eum quia facilis voluptatem natus in ducimus. Quibusdam consequatur sunt fugiat dolores expedita cumque ratione.','2024-11-26 04:03:54','2024-12-14 04:02:41','2024-12-14 04:02:41',NULL),(64,2014,29000,'STDR3TLRJOXDF0PF9','SUV','Gas',1,3,5,55000,4,'66146 Angelita Mission\nNorth Pierceville, OR 69017','802229128','Qui rem tempore ut impedit qui. Debitis quo nobis exercitationem commodi tenetur sed. Natus sit tenetur iste in rerum in. Et aliquid in molestiae accusamus saepe iste. Sed aut harum voluptatem ipsa. Corporis perspiciatis eum eos possimus nulla. Et dicta est doloribus id quia. Nulla sed pariatur velit ut dicta. Consectetur similique in qui. Autem quia dolores occaecati. Ut error in beatae.','2024-12-04 10:05:26','2024-12-14 04:02:41','2024-12-14 04:02:41',NULL),(65,2011,64000,'IKTOHOXECBSSLU1QE','Van','Electric',5,20,4,67000,3,'624 Heidenreich Loop\nAustinbury, MS 99844-6252','981055508','Ut qui consequatur corporis ratione in qui. Atque nam tempore aut qui ea. Quae atque et iste omnis rerum. Dolorum commodi veniam non assumenda et. Quidem vel ea vel molestiae consequuntur molestiae sint. Itaque in quisquam nemo dolorem asperiores. Dignissimos dolorum aut beatae in non dignissimos qui.',NULL,'2024-12-14 04:02:41','2024-12-14 04:02:41',NULL),(66,1994,34000,'UUV9L935PQFSLWG6H','SUV','Electric',1,2,14,487000,2,'1018 Jeffry Brooks\nWest Sven, NH 26496-2286','768807345','Aut laborum maxime aut aut ullam. Hic esse aut ab autem aut. Possimus numquam recusandae labore ab nihil aut. Dolor minus nostrum quo eos et qui necessitatibus dolores. Praesentium vel nobis est est nulla similique. Voluptates autem quas non dicta quo. Architecto odio ex harum ratione est omnis.','2024-11-28 12:20:38','2024-12-14 04:02:41','2024-12-14 04:02:41',NULL),(67,2023,69000,'4VGRW8EKKWZTEFX7J','Sedan','Hybird',5,17,15,184000,4,'483 Huel Coves Suite 426\nLake Ike, ME 45788-4649','802229128','Voluptas eveniet non velit exercitationem vel iste distinctio. Adipisci est et in corrupti asperiores aperiam dolore. Itaque est velit a. Quidem explicabo omnis voluptatibus quisquam voluptates esse. Mollitia ad eligendi sed earum tenetur. Eum aut in optio ab excepturi. Sequi expedita provident qui sequi amet corrupti corporis. Et quas ex repellat eius aut velit.','2024-11-18 03:10:13','2024-12-14 04:02:41','2024-12-14 04:02:41',NULL),(68,1993,25000,'FJOQ7CL03DK8FWYPR','Crossover','Hybird',3,9,16,185000,1,'10526 Isac Oval Suite 514\nNorth Will, NE 85886','629752091','Recusandae in officia et. Qui tempore qui voluptas incidunt. Aut non molestiae repellat consequuntur quod quis illo. Exercitationem deleniti dolores consequatur ullam sed est et. Aut est rerum quis nihil aut voluptatum rerum excepturi. Est impedit et iure quos provident totam assumenda.','2024-11-30 05:43:07','2024-12-14 04:02:41','2024-12-14 04:02:41',NULL),(69,1998,52000,'NDLKKVLQGXUYAJN9Y','Crossover','Hybird',3,9,18,373000,4,'41002 Zion Trace\nLake Darius, WA 49025-2869','802229128','Atque et aut repellendus. Architecto quia dignissimos ab fugiat perferendis. Voluptatibus optio voluptatem in magni enim quam nesciunt. Consequatur excepturi et eaque quas hic. Excepturi sint modi eveniet id quidem. Nihil nam voluptas blanditiis omnis et. Laudantium vitae sit nihil consequuntur.','2024-11-24 17:57:26','2024-12-14 04:02:41','2024-12-14 04:02:41',NULL),(70,1975,12000,'B8GMU5HLVHBCGT1CU','Coupe','Diesel',5,17,8,322000,2,'5406 Werner Locks\nTitusland, GA 24164','768807345','Iure quasi in laudantium alias laborum quas excepturi. Temporibus ut odit soluta omnis autem. Ea accusamus doloremque earum quia. Et consectetur eos libero illum quibusdam. Illum quis ut quia molestiae nemo qui. Quia voluptatem odio dolore impedit. Qui beatae est corrupti quae autem quia. Et debitis dignissimos expedita enim similique sapiente. Alias totam voluptas repellendus error illo tempore.','2024-11-20 23:46:06','2024-12-14 04:02:41','2024-12-14 04:02:41',NULL),(71,2018,7000,'WS56SI3WUW8HW4T9R','Coupe','Hybird',4,15,2,442000,1,'39453 Koss Ferry\nHoppemouth, NC 77054','629752091','Quibusdam earum facilis et eum. Optio expedita ipsam natus ea. Dolorem sit vel harum atque sed sed quis expedita. In voluptatibus minima atque officia harum nemo voluptas. Debitis quia est explicabo. Aut qui cum voluptas consequatur omnis exercitationem ex doloribus. Et eum soluta modi et placeat harum optio impedit.','2024-12-14 05:00:13','2024-12-14 04:02:41','2024-12-14 04:02:41',NULL),(72,2020,83000,'GNSXKRTQYKDJDZXG9','Coupe','Diesel',2,8,6,450000,5,'885 Hyatt Pine\nHowellport, DE 67177-2082','938405459','Qui corporis recusandae earum aut. Enim occaecati deleniti deserunt aut et nobis voluptatem. Consequuntur beatae aut aut quo minima libero voluptas et. Possimus impedit voluptatem doloribus. Est eligendi suscipit est. Error ut perspiciatis iure qui. Aut vel aut similique commodi facere voluptas qui. Aut dicta esse quia praesentium omnis provident. Reprehenderit adipisci qui fugit odio dolor nisi.','2024-12-10 03:59:56','2024-12-14 04:02:41','2024-12-14 04:02:41',NULL),(73,2022,60000,'Y7ZFPUCX9BFM0LYRJ','Truck','Hybird',3,10,5,24000,1,'338 Kuhn Gateway\nLake Oswaldborough, GA 09901','629752091','Nam provident facilis excepturi labore occaecati incidunt. Quisquam sunt labore officia a consequatur ratione quam. Hic necessitatibus asperiores repudiandae ut similique sit vel nobis. Atque corrupti doloribus consequatur sit. Rerum a iusto deleniti quos id ipsam. Quis blanditiis quod laboriosam culpa illum itaque esse. Illum non aut sunt ut facilis.','2024-12-03 02:21:22','2024-12-14 04:02:41','2024-12-14 04:02:41',NULL),(74,1992,7000,'K7XKTH4M7ZHGJRQJO','Coupe','Gas',4,14,17,23000,3,'842 Considine Corners\nClydeshire, RI 45214-0845','981055508','Nisi soluta reprehenderit quia repellendus qui deserunt. Magni tempore itaque quasi voluptatem ea sed. Ipsa consequatur est voluptatem eveniet aliquid est. Voluptatibus molestias rerum atque itaque quia quos error. Quidem voluptate nemo voluptas eum porro voluptatibus. Odio est veritatis aut soluta placeat temporibus molestiae.','2024-11-23 03:10:16','2024-12-14 04:02:41','2024-12-14 04:02:41',NULL),(75,1973,99000,'RCQWAG27T4EVXAXEP','Truck','Diesel',1,1,1,465000,5,'519 Gleason Loaf Suite 464\nGaylordview, NC 25035-1557','938405459','Adipisci beatae sed debitis quisquam. Deleniti aut provident qui repellendus omnis deserunt voluptates. Nesciunt sed qui officiis quae impedit sunt. Aspernatur saepe minima assumenda consequatur deleniti in. Totam enim voluptatem nostrum voluptates temporibus eveniet. Ut consequuntur consequuntur laudantium similique.','2024-12-09 18:18:19','2024-12-14 04:02:41','2024-12-14 04:02:41',NULL),(76,2006,58000,'QODYVPCRMHOO2ERSW','Truck','Hybird',3,9,9,353000,4,'256 Lockman Avenue\nLebsackbury, WI 87528-1350','802229128','Voluptas expedita omnis dolore sit dicta rerum. Expedita dolores repellendus velit quisquam autem nemo iusto dolor. Accusantium qui et omnis officiis est. Harum velit nihil eos aut ratione. Fuga sit harum rerum dolorem maiores aspernatur esse. Reiciendis neque enim et eveniet assumenda et quod ab. Dolore possimus maxime sint dolorum est repudiandae.','2024-11-18 10:07:17','2024-12-14 04:02:41','2024-12-14 04:02:41',NULL),(77,2018,26000,'WK6CGL7CR67EKUPWM','Truck','Electric',3,11,9,415000,5,'449 Mckenna Shoals\nChristiansenside, MS 15066-4324','938405459','Quidem recusandae ad rerum voluptas occaecati. Praesentium commodi quaerat perspiciatis ducimus nobis. Et consequatur tenetur sunt quibusdam debitis incidunt. Est occaecati et numquam fugiat nulla autem quo. A architecto at quisquam numquam. Voluptatem recusandae velit adipisci. Voluptatem voluptates nemo nisi accusantium non. Qui veritatis itaque dolorem quo modi.','2024-12-09 14:50:28','2024-12-14 04:02:41','2024-12-14 04:02:41',NULL),(78,1976,92000,'4R7GPSNAPITYLYSGR','Truck','Hybird',1,2,18,228000,1,'924 Olson Turnpike Apt. 295\nHayesbury, OH 32705-6378','629752091','Iste voluptatibus aliquid sunt sint similique. Quis molestiae commodi culpa illo dolores. Sed nisi facere doloribus voluptas. Et quos et vel aut. Veritatis aut nemo voluptatem eaque in assumenda eos. Dolorem ea incidunt sit nihil sit.','2024-11-15 07:29:40','2024-12-14 04:02:41','2024-12-14 04:02:41',NULL),(79,1992,16000,'URV9CQEJPTVQTI1VU','SUV','Hybird',4,16,6,99000,5,'834 Beer Common Suite 321\nPort Cindyton, AR 45883-8660','938405459','Voluptatibus quis aut non. Et asperiores quidem nemo iure quas labore nisi aliquid. Vero fuga est minima expedita nobis quibusdam. Tempora aliquam sed saepe porro aut. Quia architecto molestiae officia cupiditate dolorum animi ut. Ab provident similique consequatur fugiat. Inventore beatae inventore impedit quod.','2024-11-21 03:40:20','2024-12-14 04:02:41','2024-12-14 04:02:41',NULL),(80,2019,91000,'9VUMCTWJWLLGOCQGW','Van','Diesel',3,11,15,296000,4,'15506 Elbert Shores Apt. 850\nMillsside, TN 60870','802229128','Voluptatem ratione est ut ea accusantium temporibus quae nulla. Est quam exercitationem quae occaecati quas. Quo voluptatem quisquam rerum tempora. Possimus qui expedita est nisi. Autem dolor assumenda alias et dolorem soluta ea veniam. Rerum repellendus veniam id necessitatibus inventore. Consequuntur sit sit perferendis aliquam ut earum eum non.','2024-11-20 20:09:28','2024-12-14 04:02:41','2024-12-14 04:02:41',NULL),(81,1977,10000,'XY6F96X1NBK6KV6W9','Coupe','Gas',2,7,2,138000,5,'8892 Hailey Underpass\nPort Dionchester, NC 10826','938405459','Id qui culpa aut similique. Veniam ipsam ab ut enim nobis aut. Autem voluptatem adipisci rerum est incidunt. Eos voluptatem est odio est minima inventore. Reprehenderit repellat est recusandae id enim quo. Corrupti sint asperiores rerum impedit placeat atque mollitia optio. Est cumque vel quia aut nulla quae dignissimos.','2024-12-14 07:20:24','2024-12-14 04:02:41','2024-12-14 04:02:41',NULL),(82,2006,18000,'VYUNTS2CZXJIFMALT','Coupe','Gas',4,13,4,275000,3,'8883 Creola Lodge Suite 477\nGleasonmouth, UT 55465','981055508','Eius perferendis dolor iure. Rem quis possimus voluptatem ut ratione. Magni inventore quia rerum nesciunt voluptatem harum. Iusto tenetur dicta consectetur omnis qui. Tempora tempore tenetur quia molestias. Voluptas sit saepe aut et atque. Itaque sequi mollitia et dolor. Error corporis ut aut porro minus. Laborum aliquam eius laboriosam.','2024-11-29 21:31:41','2024-12-14 04:02:41','2024-12-14 04:02:41',NULL),(83,1989,62000,'U3M8P8DQXBM7XEEOU','Sedan','Diesel',5,18,17,139000,4,'2005 Miles Extension Suite 198\nSouth Loisland, SD 57135-6644','802229128','Earum veniam nihil optio nesciunt aut autem. Quibusdam temporibus assumenda ut perspiciatis. Labore dolores et molestias illo incidunt. Ipsum enim aspernatur saepe vitae ipsum quia. Molestiae tempore molestias vitae est dolores non. Asperiores commodi aliquam et ullam dignissimos fugit voluptatem.','2024-11-26 10:08:50','2024-12-14 04:02:41','2024-12-14 04:02:41',NULL),(84,2000,26000,'K6J4J1WK6ZERN7BWI','Coupe','Hybird',1,3,16,486000,5,'8069 Alexys Manors Suite 873\nWest Glenna, NY 82806','938405459','Rerum excepturi placeat id soluta dolores totam ut. Molestias quis quod quam ipsum sint est et. Nesciunt animi architecto eveniet mollitia et. Dolores necessitatibus est recusandae unde iure cum facere. Et perspiciatis nesciunt nemo eius. Quidem iste maxime rerum voluptate. Molestiae aut aut eos ducimus hic dolorem quia. Eligendi eos maxime eos modi.','2024-11-24 23:03:59','2024-12-14 04:02:41','2024-12-14 04:02:41',NULL),(85,1999,16000,'D0NAKSDTWRVAESZGS','Coupe','Electric',4,13,10,276000,5,'718 Bode Forest Apt. 013\nNorth Brennon, TX 86690-4128','938405459','Aperiam perspiciatis deleniti ex veritatis nihil exercitationem reiciendis labore. Alias sit adipisci iste natus magni fuga tenetur. Incidunt voluptas nostrum deserunt consequuntur eos quis error. Est pariatur molestias odio voluptatem qui velit.','2024-12-10 02:12:01','2024-12-14 04:02:41','2024-12-14 04:02:41',NULL),(86,2000,27000,'OKQJ7ZR5JOODXJEBD','Crossover','Gas',5,20,11,491000,3,'9611 Joana Summit Suite 265\nSusiemouth, SD 24076','981055508','Et expedita harum voluptatibus dolor et et. Quos natus sit aut quia dolor. Accusantium reiciendis est incidunt expedita fugiat aliquid perspiciatis. Quam facere blanditiis dolor sapiente. Nemo reprehenderit libero enim doloremque quam tempore suscipit.','2024-12-05 19:41:45','2024-12-14 04:02:41','2024-12-14 04:02:41',NULL),(87,2018,45000,'UJ7UEGY0JXRR4M4LM','Coupe','Gas',1,2,16,395000,1,'5294 Krajcik Corners Apt. 820\nTylershire, NH 58202-5326','629752091','Molestias doloremque occaecati voluptatem dolore pariatur. Similique asperiores quia quisquam et repudiandae suscipit rerum optio. Id magnam voluptates nam nisi magni perferendis et. Nihil est enim eos sit nobis ea. Unde a et reiciendis repellat. Quaerat molestiae assumenda voluptatum in deserunt culpa maxime. Laborum asperiores molestias veritatis.',NULL,'2024-12-14 04:02:41','2024-12-14 04:02:41',NULL),(88,1987,27000,'BCSDJPFUQG4AM8A8X','Coupe','Gas',1,3,12,350000,2,'2723 Pfannerstill Knolls\nDoyleborough, NC 88998','768807345','Eos odio repellat aut explicabo voluptatem delectus placeat. Inventore sit mollitia ipsum ad molestias rem voluptatum. Libero nisi velit et unde. Delectus accusantium omnis et expedita rerum inventore. Consequuntur reprehenderit veniam enim dolorum sit vitae. Sit non eveniet corporis consequatur tempora. Quae et inventore laborum placeat aperiam placeat.','2024-12-14 07:06:08','2024-12-14 04:02:41','2024-12-14 04:02:41',NULL),(89,1993,66000,'4ECNJBLSSVOGBGZ54','Truck','Gas',1,2,8,484000,4,'980 Maryam Streets Apt. 671\nMelliehaven, NC 13500','802229128','Velit labore sunt sed ea ipsum odit est. Facilis quasi deleniti vel id cupiditate ducimus fuga animi. Eum quidem atque reprehenderit exercitationem non et et. Qui fuga reprehenderit et reiciendis. Deleniti nihil neque aut sint dolorum eius quaerat. Culpa odio sit voluptas eum quia. At aut quia vero nam. Reiciendis nihil aut voluptas provident delectus.',NULL,'2024-12-14 04:02:41','2024-12-14 04:02:41',NULL),(90,1983,5000,'CKAF1RW22WNHUMKMS','SUV','Gas',3,11,16,233000,5,'40075 Lucienne Viaduct Apt. 981\nClintonfurt, CT 50406-4864','938405459','Doloremque dolorem fugit a esse vel. Vitae aperiam quam et quos recusandae a. Vero aut nisi dolores est. Eum ut quia quia. Sunt modi reiciendis voluptatem non ab. Hic hic unde sint sit neque. Magni animi dolorem eos ullam exercitationem. Voluptatibus quaerat amet facilis. Repellat voluptatem quod dolore sapiente alias nihil ratione.','2024-11-21 19:45:11','2024-12-14 04:02:41','2024-12-14 04:02:41',NULL),(91,2005,71000,'Y3CZXO6W3WINYYTJS','Truck','Electric',3,12,8,126000,1,'282 Aracely Springs\nWavaport, ND 79564','629752091','Fugiat pariatur aut autem commodi. Est est quibusdam ipsam nisi. Cupiditate maiores rerum quidem in. Cum et at eum voluptatibus. Aut vel expedita a porro voluptas. Ut ut doloribus ut sit corrupti ea. Quibusdam eum sed quos vel mollitia. Magnam voluptate quia maxime aut. Ut dolorem accusamus animi enim. Omnis qui eos reprehenderit earum sit.','2024-12-10 12:18:46','2024-12-14 04:02:41','2024-12-14 04:02:41',NULL),(92,2022,20000,'4QXIOUPKCZMUFXIZK','Sedan','Hybird',1,3,15,155000,5,'348 Quitzon Crossroad\nWest Trishaberg, WV 89353','938405459','Laborum at in est modi dicta officia. Praesentium aut repudiandae tempore. Est mollitia quia in ullam alias cum. Culpa aut quia iure reiciendis et magnam. Amet et et ut consectetur consequatur repellendus esse perferendis. Illum dolorum rerum maxime voluptate dolore. Et voluptatum voluptas quos incidunt iure. Voluptatem aut qui accusamus dolorum.','2024-12-13 10:05:50','2024-12-14 04:02:41','2024-12-14 04:02:41',NULL),(93,1992,98000,'BYVXHNG8TG5XEEWI2','Coupe','Diesel',1,1,13,31000,3,'79586 Hagenes Mountains\nNorth Hobartfort, WA 15492-2942','981055508','Est quaerat sunt et sed sed est qui. Sequi animi ut qui debitis non. Non aut quo natus quo ut fuga. Magnam tenetur saepe quibusdam. Unde hic quos ipsa harum nisi nihil. Et nam aut quas neque temporibus. Sed sit rerum aliquid nihil amet voluptas. Sint sed fugiat aut numquam facere officia ducimus. Molestias blanditiis maxime soluta quis officia eum nesciunt.','2024-11-26 09:10:01','2024-12-14 04:02:41','2024-12-14 04:02:41',NULL),(94,2005,81000,'PHT2NRDOKSQNFVYA0','Crossover','Hybird',3,11,5,355000,3,'36291 Van Trail Apt. 176\nChamplinborough, NV 38527-8318','981055508','Excepturi voluptates quae quibusdam minus quaerat et sed. Quo vel quibusdam impedit ut consequuntur omnis. Vel ullam quis similique autem aperiam quidem. Eveniet sit aperiam amet nam illum. Repellendus quos dolore autem perspiciatis eligendi. Tenetur quia est necessitatibus fuga velit. Debitis quibusdam laborum veniam error ut. Quod maxime sed ut magnam ratione nemo autem. Aliquam hic ab error.','2024-11-22 05:55:48','2024-12-14 04:02:41','2024-12-14 04:02:41',NULL),(95,1992,59000,'XAKSBQBMTKRX051BE','Van','Diesel',2,5,11,147000,5,'867 Legros Ford\nDomenicoborough, NM 64621-9747','938405459','Accusamus placeat expedita ex ducimus. Accusamus quisquam ea quia debitis optio voluptas officiis. Quasi mollitia dicta quia est ipsa culpa. Consequatur reprehenderit aperiam ipsa molestias. Accusamus voluptatem sed itaque id provident maxime excepturi dolores. Voluptas minima ab optio et inventore est. Voluptas laboriosam asperiores in aut. Fugiat omnis non excepturi velit.','2024-11-23 23:25:53','2024-12-14 04:02:41','2024-12-14 04:02:41',NULL),(96,1985,91000,'AWVGYEUKJAJKE7WZK','SUV','Electric',2,5,2,131000,1,'1980 Glenda Estates\nGusikowskishire, OH 65705-8110','629752091','Atque molestiae nemo et placeat voluptatum. Quae dolorem atque perferendis enim provident autem necessitatibus. Placeat ab velit repudiandae est. Ducimus ipsum dolor ducimus maiores hic aperiam. Ut exercitationem ab eveniet aut necessitatibus ipsa. Nostrum labore recusandae architecto id enim dolorum. Laboriosam qui magni non labore ea in quae est.','2024-12-05 09:51:01','2024-12-14 04:02:41','2024-12-14 04:02:41',NULL),(97,1981,18000,'9PUOXYWQ8ZMYWKQ9K','Truck','Electric',5,18,11,102000,5,'501 Kulas Inlet Apt. 714\nAbernathyside, AL 25121','938405459','Ad cum debitis cupiditate. Aut nostrum ut ut ut aliquid provident nam. Aliquid sapiente aut quasi quasi ad quas provident rem. Quo nesciunt provident voluptatem mollitia molestiae. Impedit facere quia pariatur perferendis sequi dolore accusamus. Reprehenderit est neque sunt. Sit ab quas minima culpa odio nesciunt sed.','2024-12-01 11:39:08','2024-12-14 04:02:41','2024-12-14 04:02:41',NULL),(98,1994,33000,'M8Q86F4AF2QNOFXQZ','Crossover','Gas',2,7,2,407000,3,'51704 Heller Port Suite 874\nSmithammouth, CO 35813-1238','981055508','Molestiae soluta velit id pariatur. Maiores cumque ipsam tempora commodi. Vitae a porro architecto possimus omnis eveniet dolorum. Sunt praesentium quisquam eos sed ipsa mollitia tempore. Ratione possimus corrupti voluptate eum at. Magnam iure consectetur adipisci pariatur qui odit. Et magni dolor minus doloremque dolores provident porro. Velit nisi tempora qui et. Dolorem magnam est aut vel.','2024-11-21 10:11:53','2024-12-14 04:02:41','2024-12-14 04:02:41',NULL),(99,1979,40000,'OG2CPHMYQIMSULPYH','Van','Gas',2,8,8,181000,5,'2464 Rodriguez Forges\nNew Whitney, AK 45834','938405459','Voluptas non sed fuga quae. Et qui quaerat ab tenetur. Ut deserunt laborum nobis voluptatibus earum repellat cupiditate dolor. Voluptatem sed harum quidem voluptas dignissimos delectus quia. Voluptatem eveniet et et omnis. Voluptatem et et vitae voluptatem. Et et qui recusandae id itaque. Sint natus tempore in ea dolores. Quos explicabo beatae tempora earum. Accusantium quia quo excepturi a.','2024-11-15 02:48:42','2024-12-14 04:02:41','2024-12-14 04:02:41',NULL),(100,1988,37000,'GUYNLJVWWYHI6NRBU','Coupe','Gas',2,7,18,294000,5,'429 Felton Pass\nPort Jimmieview, CA 86822-2845','938405459','Consequatur qui labore molestiae similique placeat sapiente esse. Quaerat ut consequatur ipsa ex vero culpa. Soluta molestiae laborum ut cupiditate nobis ut omnis. Aut corporis voluptatem quos qui. Eum magnam iure accusamus non ut incidunt. Dolor quod et laboriosam nobis. Atque laboriosam eveniet est qui et sequi sed. Autem repudiandae voluptates assumenda consequuntur.','2024-11-23 04:23:14','2024-12-14 04:02:41','2024-12-14 04:02:41',NULL);
/*!40000 ALTER TABLE `cars` ENABLE KEYS */;
UNLOCK TABLES;

--
-- Table structure for table `cities`
--

DROP TABLE IF EXISTS `cities`;
/*!40101 SET @saved_cs_client     = @@character_set_client */;
/*!50503 SET character_set_client = utf8mb4 */;
CREATE TABLE `cities` (
  `id` bigint unsigned NOT NULL AUTO_INCREMENT,
  `state_id` bigint unsigned NOT NULL,
  `name` varchar(45) COLLATE utf8mb4_unicode_ci NOT NULL,
  PRIMARY KEY (`id`),
  KEY `cities_state_id_foreign` (`state_id`),
  CONSTRAINT `cities_state_id_foreign` FOREIGN KEY (`state_id`) REFERENCES `states` (`id`)
) ENGINE=InnoDB AUTO_INCREMENT=19 DEFAULT CHARSET=utf8mb4 COLLATE=utf8mb4_unicode_ci;
/*!40101 SET character_set_client = @saved_cs_client */;

--
-- Dumping data for table `cities`
--

LOCK TABLES `cities` WRITE;
/*!40000 ALTER TABLE `cities` DISABLE KEYS */;
INSERT INTO `cities` VALUES (1,1,'Los Angeles'),(2,1,'San Francisco'),(3,1,'San Diego'),(4,2,'Houston'),(5,2,'San Antonio'),(6,2,'Dallas'),(7,2,'Austin'),(8,3,'Miami'),(9,3,'Orlando'),(10,3,'Tampa'),(11,3,'JacksonVille'),(12,4,'New York City'),(13,4,'Buffalo'),(14,4,'Rochester'),(15,5,'Columbus'),(16,5,'Cleveland'),(17,5,'Cincinnati'),(18,5,'Toledo');
/*!40000 ALTER TABLE `cities` ENABLE KEYS */;
UNLOCK TABLES;

--
-- Table structure for table `failed_jobs`
--

DROP TABLE IF EXISTS `failed_jobs`;
/*!40101 SET @saved_cs_client     = @@character_set_client */;
/*!50503 SET character_set_client = utf8mb4 */;
CREATE TABLE `failed_jobs` (
  `id` bigint unsigned NOT NULL AUTO_INCREMENT,
  `uuid` varchar(255) COLLATE utf8mb4_unicode_ci NOT NULL,
  `connection` text COLLATE utf8mb4_unicode_ci NOT NULL,
  `queue` text COLLATE utf8mb4_unicode_ci NOT NULL,
  `payload` longtext COLLATE utf8mb4_unicode_ci NOT NULL,
  `exception` longtext COLLATE utf8mb4_unicode_ci NOT NULL,
  `failed_at` timestamp NOT NULL DEFAULT CURRENT_TIMESTAMP,
  PRIMARY KEY (`id`),
  UNIQUE KEY `failed_jobs_uuid_unique` (`uuid`)
) ENGINE=InnoDB DEFAULT CHARSET=utf8mb4 COLLATE=utf8mb4_unicode_ci;
/*!40101 SET character_set_client = @saved_cs_client */;

--
-- Dumping data for table `failed_jobs`
--

LOCK TABLES `failed_jobs` WRITE;
/*!40000 ALTER TABLE `failed_jobs` DISABLE KEYS */;
/*!40000 ALTER TABLE `failed_jobs` ENABLE KEYS */;
UNLOCK TABLES;

--
-- Table structure for table `favourite_cars`
--

DROP TABLE IF EXISTS `favourite_cars`;
/*!40101 SET @saved_cs_client     = @@character_set_client */;
/*!50503 SET character_set_client = utf8mb4 */;
CREATE TABLE `favourite_cars` (
  `id` bigint unsigned NOT NULL AUTO_INCREMENT,
  `car_id` bigint unsigned NOT NULL,
  `user_id` bigint unsigned NOT NULL,
  PRIMARY KEY (`id`),
  KEY `favourite_cars_car_id_foreign` (`car_id`),
  KEY `favourite_cars_user_id_foreign` (`user_id`),
  CONSTRAINT `favourite_cars_car_id_foreign` FOREIGN KEY (`car_id`) REFERENCES `cars` (`id`),
  CONSTRAINT `favourite_cars_user_id_foreign` FOREIGN KEY (`user_id`) REFERENCES `users` (`id`)
) ENGINE=InnoDB AUTO_INCREMENT=101 DEFAULT CHARSET=utf8mb4 COLLATE=utf8mb4_unicode_ci;
/*!40101 SET character_set_client = @saved_cs_client */;

--
-- Dumping data for table `favourite_cars`
--

LOCK TABLES `favourite_cars` WRITE;
/*!40000 ALTER TABLE `favourite_cars` DISABLE KEYS */;
INSERT INTO `favourite_cars` VALUES (1,1,4),(2,2,4),(3,3,4),(4,4,4),(5,5,4),(6,6,4),(7,7,4),(8,8,4),(9,9,4),(10,10,4),(11,11,4),(12,12,4),(13,13,4),(14,14,4),(15,15,4),(16,16,4),(17,17,4),(18,18,4),(19,19,4),(20,20,4),(21,21,4),(22,22,4),(23,23,4),(24,24,4),(25,25,4),(26,26,4),(27,27,4),(28,28,4),(29,29,4),(30,30,4),(31,31,4),(32,32,4),(33,33,4),(34,34,4),(35,35,4),(36,36,4),(37,37,4),(38,38,4),(39,39,4),(40,40,4),(41,41,4),(42,42,4),(43,43,4),(44,44,4),(45,45,4),(46,46,4),(47,47,4),(48,48,4),(49,49,4),(50,50,4),(51,51,5),(52,52,5),(53,53,5),(54,54,5),(55,55,5),(56,56,5),(57,57,5),(58,58,5),(59,59,5),(60,60,5),(61,61,5),(62,62,5),(63,63,5),(64,64,5),(65,65,5),(66,66,5),(67,67,5),(68,68,5),(69,69,5),(70,70,5),(71,71,5),(72,72,5),(73,73,5),(74,74,5),(75,75,5),(76,76,5),(77,77,5),(78,78,5),(79,79,5),(80,80,5),(81,81,5),(82,82,5),(83,83,5),(84,84,5),(85,85,5),(86,86,5),(87,87,5),(88,88,5),(89,89,5),(90,90,5),(91,91,5),(92,92,5),(93,93,5),(94,94,5),(95,95,5),(96,96,5),(97,97,5),(98,98,5),(99,99,5),(100,100,5);
/*!40000 ALTER TABLE `favourite_cars` ENABLE KEYS */;
UNLOCK TABLES;

--
-- Table structure for table `job_batches`
--

DROP TABLE IF EXISTS `job_batches`;
/*!40101 SET @saved_cs_client     = @@character_set_client */;
/*!50503 SET character_set_client = utf8mb4 */;
CREATE TABLE `job_batches` (
  `id` varchar(255) COLLATE utf8mb4_unicode_ci NOT NULL,
  `name` varchar(255) COLLATE utf8mb4_unicode_ci NOT NULL,
  `total_jobs` int NOT NULL,
  `pending_jobs` int NOT NULL,
  `failed_jobs` int NOT NULL,
  `failed_job_ids` longtext COLLATE utf8mb4_unicode_ci NOT NULL,
  `options` mediumtext COLLATE utf8mb4_unicode_ci,
  `cancelled_at` int DEFAULT NULL,
  `created_at` int NOT NULL,
  `finished_at` int DEFAULT NULL,
  PRIMARY KEY (`id`)
) ENGINE=InnoDB DEFAULT CHARSET=utf8mb4 COLLATE=utf8mb4_unicode_ci;
/*!40101 SET character_set_client = @saved_cs_client */;

--
-- Dumping data for table `job_batches`
--

LOCK TABLES `job_batches` WRITE;
/*!40000 ALTER TABLE `job_batches` DISABLE KEYS */;
/*!40000 ALTER TABLE `job_batches` ENABLE KEYS */;
UNLOCK TABLES;

--
-- Table structure for table `jobs`
--

DROP TABLE IF EXISTS `jobs`;
/*!40101 SET @saved_cs_client     = @@character_set_client */;
/*!50503 SET character_set_client = utf8mb4 */;
CREATE TABLE `jobs` (
  `id` bigint unsigned NOT NULL AUTO_INCREMENT,
  `queue` varchar(255) COLLATE utf8mb4_unicode_ci NOT NULL,
  `payload` longtext COLLATE utf8mb4_unicode_ci NOT NULL,
  `attempts` tinyint unsigned NOT NULL,
  `reserved_at` int unsigned DEFAULT NULL,
  `available_at` int unsigned NOT NULL,
  `created_at` int unsigned NOT NULL,
  PRIMARY KEY (`id`),
  KEY `jobs_queue_index` (`queue`)
) ENGINE=InnoDB DEFAULT CHARSET=utf8mb4 COLLATE=utf8mb4_unicode_ci;
/*!40101 SET character_set_client = @saved_cs_client */;

--
-- Dumping data for table `jobs`
--

LOCK TABLES `jobs` WRITE;
/*!40000 ALTER TABLE `jobs` DISABLE KEYS */;
/*!40000 ALTER TABLE `jobs` ENABLE KEYS */;
UNLOCK TABLES;

--
-- Table structure for table `makers`
--

DROP TABLE IF EXISTS `makers`;
/*!40101 SET @saved_cs_client     = @@character_set_client */;
/*!50503 SET character_set_client = utf8mb4 */;
CREATE TABLE `makers` (
  `id` bigint unsigned NOT NULL AUTO_INCREMENT,
  `name` varchar(45) COLLATE utf8mb4_unicode_ci NOT NULL,
  PRIMARY KEY (`id`)
) ENGINE=InnoDB AUTO_INCREMENT=6 DEFAULT CHARSET=utf8mb4 COLLATE=utf8mb4_unicode_ci;
/*!40101 SET character_set_client = @saved_cs_client */;

--
-- Dumping data for table `makers`
--

LOCK TABLES `makers` WRITE;
/*!40000 ALTER TABLE `makers` DISABLE KEYS */;
INSERT INTO `makers` VALUES (1,'Toyota'),(2,'Ford'),(3,'Honda'),(4,'Nissan'),(5,'Lexus');
/*!40000 ALTER TABLE `makers` ENABLE KEYS */;
UNLOCK TABLES;

--
-- Table structure for table `migrations`
--

DROP TABLE IF EXISTS `migrations`;
/*!40101 SET @saved_cs_client     = @@character_set_client */;
/*!50503 SET character_set_client = utf8mb4 */;
CREATE TABLE `migrations` (
  `id` int unsigned NOT NULL AUTO_INCREMENT,
  `migration` varchar(255) COLLATE utf8mb4_unicode_ci NOT NULL,
  `batch` int NOT NULL,
  PRIMARY KEY (`id`)
) ENGINE=InnoDB AUTO_INCREMENT=17 DEFAULT CHARSET=utf8mb4 COLLATE=utf8mb4_unicode_ci;
/*!40101 SET character_set_client = @saved_cs_client */;

--
-- Dumping data for table `migrations`
--

LOCK TABLES `migrations` WRITE;
/*!40000 ALTER TABLE `migrations` DISABLE KEYS */;
INSERT INTO `migrations` VALUES (1,'0001_01_01_000000_create_users_table',1),(2,'0001_01_01_000001_create_cache_table',1),(3,'0001_01_01_000002_create_jobs_table',1),(4,'2024_12_03_084817_create_personal_access_tokens_table',1),(5,'2024_12_05_073030_create_surveys_table',1),(6,'2024_12_05_073959_create_survey_questions_table',1),(7,'2024_12_05_074014_create_survey_answers_table',1),(8,'2024_12_05_074021_create_survey_question_answers_table',1),(9,'2024_12_13_133136_create_makers_table',1),(10,'2024_12_13_133143_create_models_table',1),(11,'2024_12_13_133152_create_states_table',1),(12,'2024_12_13_133157_create_cities_table',1),(13,'2024_12_13_133551_create_cars_table',1),(14,'2024_12_13_135515_create_car_features_table',1),(15,'2024_12_13_135711_create_car_images_table',1),(16,'2024_12_13_143910_create_favourite_cars_table',1);
/*!40000 ALTER TABLE `migrations` ENABLE KEYS */;
UNLOCK TABLES;

--
-- Table structure for table `models`
--

DROP TABLE IF EXISTS `models`;
/*!40101 SET @saved_cs_client     = @@character_set_client */;
/*!50503 SET character_set_client = utf8mb4 */;
CREATE TABLE `models` (
  `id` bigint unsigned NOT NULL AUTO_INCREMENT,
  `maker_id` bigint unsigned NOT NULL,
  `name` varchar(45) COLLATE utf8mb4_unicode_ci NOT NULL,
  PRIMARY KEY (`id`),
  KEY `models_maker_id_foreign` (`maker_id`),
  CONSTRAINT `models_maker_id_foreign` FOREIGN KEY (`maker_id`) REFERENCES `makers` (`id`)
) ENGINE=InnoDB AUTO_INCREMENT=21 DEFAULT CHARSET=utf8mb4 COLLATE=utf8mb4_unicode_ci;
/*!40101 SET character_set_client = @saved_cs_client */;

--
-- Dumping data for table `models`
--

LOCK TABLES `models` WRITE;
/*!40000 ALTER TABLE `models` DISABLE KEYS */;
INSERT INTO `models` VALUES (1,1,'Camry'),(2,1,'Corolla'),(3,1,'RAV4'),(4,1,'Prius'),(5,2,'F-150'),(6,2,'Escape'),(7,2,'Mustang'),(8,2,'Fusion'),(9,3,'Civic'),(10,3,'Accord'),(11,3,'CR-V'),(12,3,'Pilot'),(13,4,'Altima'),(14,4,'Sentra'),(15,4,'Rouge'),(16,4,'Maxima'),(17,5,'RX400'),(18,5,'RX450'),(19,5,'RX350'),(20,5,'LS500');
/*!40000 ALTER TABLE `models` ENABLE KEYS */;
UNLOCK TABLES;

--
-- Table structure for table `password_reset_tokens`
--

DROP TABLE IF EXISTS `password_reset_tokens`;
/*!40101 SET @saved_cs_client     = @@character_set_client */;
/*!50503 SET character_set_client = utf8mb4 */;
CREATE TABLE `password_reset_tokens` (
  `email` varchar(255) COLLATE utf8mb4_unicode_ci NOT NULL,
  `token` varchar(255) COLLATE utf8mb4_unicode_ci NOT NULL,
  `created_at` timestamp NULL DEFAULT NULL,
  PRIMARY KEY (`email`)
) ENGINE=InnoDB DEFAULT CHARSET=utf8mb4 COLLATE=utf8mb4_unicode_ci;
/*!40101 SET character_set_client = @saved_cs_client */;

--
-- Dumping data for table `password_reset_tokens`
--

LOCK TABLES `password_reset_tokens` WRITE;
/*!40000 ALTER TABLE `password_reset_tokens` DISABLE KEYS */;
/*!40000 ALTER TABLE `password_reset_tokens` ENABLE KEYS */;
UNLOCK TABLES;

--
-- Table structure for table `personal_access_tokens`
--

DROP TABLE IF EXISTS `personal_access_tokens`;
/*!40101 SET @saved_cs_client     = @@character_set_client */;
/*!50503 SET character_set_client = utf8mb4 */;
CREATE TABLE `personal_access_tokens` (
  `id` bigint unsigned NOT NULL AUTO_INCREMENT,
  `tokenable_type` varchar(255) COLLATE utf8mb4_unicode_ci NOT NULL,
  `tokenable_id` bigint unsigned NOT NULL,
  `name` varchar(255) COLLATE utf8mb4_unicode_ci NOT NULL,
  `token` varchar(64) COLLATE utf8mb4_unicode_ci NOT NULL,
  `abilities` text COLLATE utf8mb4_unicode_ci,
  `last_used_at` timestamp NULL DEFAULT NULL,
  `expires_at` timestamp NULL DEFAULT NULL,
  `created_at` timestamp NULL DEFAULT NULL,
  `updated_at` timestamp NULL DEFAULT NULL,
  PRIMARY KEY (`id`),
  UNIQUE KEY `personal_access_tokens_token_unique` (`token`),
  KEY `personal_access_tokens_tokenable_type_tokenable_id_index` (`tokenable_type`,`tokenable_id`)
) ENGINE=InnoDB AUTO_INCREMENT=6 DEFAULT CHARSET=utf8mb4 COLLATE=utf8mb4_unicode_ci;
/*!40101 SET character_set_client = @saved_cs_client */;

--
-- Dumping data for table `personal_access_tokens`
--

LOCK TABLES `personal_access_tokens` WRITE;
/*!40000 ALTER TABLE `personal_access_tokens` DISABLE KEYS */;
INSERT INTO `personal_access_tokens` VALUES (3,'App\\Models\\User',6,'main','83c4e518aa77baec068eb5606443e5b9b36153d74c50975c35c2b271b50ef13f','[\"*\"]','2024-12-19 22:41:31',NULL,'2024-12-18 07:49:55','2024-12-19 22:41:31'),(5,'App\\Models\\User',6,'main','622383f4f03c3a871bfb3598d65720bb4d16169da4e07c5c337a19dea0ce1208','[\"*\"]','2024-12-23 06:56:38',NULL,'2024-12-19 22:42:51','2024-12-23 06:56:38');
/*!40000 ALTER TABLE `personal_access_tokens` ENABLE KEYS */;
UNLOCK TABLES;

--
-- Table structure for table `sessions`
--

DROP TABLE IF EXISTS `sessions`;
/*!40101 SET @saved_cs_client     = @@character_set_client */;
/*!50503 SET character_set_client = utf8mb4 */;
CREATE TABLE `sessions` (
  `id` varchar(255) COLLATE utf8mb4_unicode_ci NOT NULL,
  `user_id` bigint unsigned DEFAULT NULL,
  `ip_address` varchar(45) COLLATE utf8mb4_unicode_ci DEFAULT NULL,
  `user_agent` text COLLATE utf8mb4_unicode_ci,
  `payload` longtext COLLATE utf8mb4_unicode_ci NOT NULL,
  `last_activity` int NOT NULL,
  PRIMARY KEY (`id`),
  KEY `sessions_user_id_index` (`user_id`),
  KEY `sessions_last_activity_index` (`last_activity`)
) ENGINE=InnoDB DEFAULT CHARSET=utf8mb4 COLLATE=utf8mb4_unicode_ci;
/*!40101 SET character_set_client = @saved_cs_client */;

--
-- Dumping data for table `sessions`
--

LOCK TABLES `sessions` WRITE;
/*!40000 ALTER TABLE `sessions` DISABLE KEYS */;
INSERT INTO `sessions` VALUES ('x331XFRKw7ZLpPFcezWei8m0bs2jUAxz936tqRbq',NULL,'::1','Mozilla/5.0 (Windows NT 10.0; Win64; x64) AppleWebKit/537.36 (KHTML, like Gecko) Chrome/131.0.0.0 Safari/537.36 Edg/131.0.0.0','YTozOntzOjY6Il90b2tlbiI7czo0MDoiQTU2SWo4YjI1SnFwTVZ5V09QVUU4UFBramNhSXlxQjVYdm90VExpeiI7czo5OiJfcHJldmlvdXMiO2E6MTp7czozOiJ1cmwiO3M6MjE6Imh0dHA6Ly9sb2NhbGhvc3Q6ODAwMCI7fXM6NjoiX2ZsYXNoIjthOjI6e3M6Mzoib2xkIjthOjA6e31zOjM6Im5ldyI7YTowOnt9fX0=',1734535382);
/*!40000 ALTER TABLE `sessions` ENABLE KEYS */;
UNLOCK TABLES;

--
-- Table structure for table `states`
--

DROP TABLE IF EXISTS `states`;
/*!40101 SET @saved_cs_client     = @@character_set_client */;
/*!50503 SET character_set_client = utf8mb4 */;
CREATE TABLE `states` (
  `id` bigint unsigned NOT NULL AUTO_INCREMENT,
  `name` varchar(45) COLLATE utf8mb4_unicode_ci NOT NULL,
  PRIMARY KEY (`id`)
) ENGINE=InnoDB AUTO_INCREMENT=6 DEFAULT CHARSET=utf8mb4 COLLATE=utf8mb4_unicode_ci;
/*!40101 SET character_set_client = @saved_cs_client */;

--
-- Dumping data for table `states`
--

LOCK TABLES `states` WRITE;
/*!40000 ALTER TABLE `states` DISABLE KEYS */;
INSERT INTO `states` VALUES (1,'Califonia'),(2,'Texas'),(3,'Florida'),(4,'New York'),(5,'Ohio');
/*!40000 ALTER TABLE `states` ENABLE KEYS */;
UNLOCK TABLES;

--
-- Table structure for table `survey_answers`
--

DROP TABLE IF EXISTS `survey_answers`;
/*!40101 SET @saved_cs_client     = @@character_set_client */;
/*!50503 SET character_set_client = utf8mb4 */;
CREATE TABLE `survey_answers` (
  `id` bigint unsigned NOT NULL AUTO_INCREMENT,
  `survey_id` bigint unsigned NOT NULL,
  `start_date` timestamp NULL DEFAULT NULL,
  `end_date` timestamp NULL DEFAULT NULL,
  PRIMARY KEY (`id`)
) ENGINE=InnoDB AUTO_INCREMENT=5 DEFAULT CHARSET=utf8mb4 COLLATE=utf8mb4_unicode_ci;
/*!40101 SET character_set_client = @saved_cs_client */;

--
-- Dumping data for table `survey_answers`
--

LOCK TABLES `survey_answers` WRITE;
/*!40000 ALTER TABLE `survey_answers` DISABLE KEYS */;
INSERT INTO `survey_answers` VALUES (1,3069,'2024-12-20 08:07:05','2024-12-20 08:07:05'),(2,3065,'2024-12-20 21:38:43','2024-12-20 21:38:43'),(3,3065,'2024-12-23 01:27:58','2024-12-23 01:27:58'),(4,3065,'2024-12-23 01:34:19','2024-12-23 01:34:19');
/*!40000 ALTER TABLE `survey_answers` ENABLE KEYS */;
UNLOCK TABLES;

--
-- Table structure for table `survey_question_answers`
--

DROP TABLE IF EXISTS `survey_question_answers`;
/*!40101 SET @saved_cs_client     = @@character_set_client */;
/*!50503 SET character_set_client = utf8mb4 */;
CREATE TABLE `survey_question_answers` (
  `id` bigint unsigned NOT NULL AUTO_INCREMENT,
  `survey_question_id` bigint unsigned NOT NULL,
  `survey_answer_id` bigint unsigned NOT NULL,
  `answer` text COLLATE utf8mb4_unicode_ci NOT NULL,
  `created_at` timestamp NULL DEFAULT NULL,
  `updated_at` timestamp NULL DEFAULT NULL,
  PRIMARY KEY (`id`)
) ENGINE=InnoDB AUTO_INCREMENT=14 DEFAULT CHARSET=utf8mb4 COLLATE=utf8mb4_unicode_ci;
/*!40101 SET character_set_client = @saved_cs_client */;

--
-- Dumping data for table `survey_question_answers`
--

LOCK TABLES `survey_question_answers` WRITE;
/*!40000 ALTER TABLE `survey_question_answers` DISABLE KEYS */;
INSERT INTO `survey_question_answers` VALUES (1,27,1,'heee','2024-12-20 08:07:05','2024-12-20 08:07:05'),(2,28,1,'1','2024-12-20 08:07:05','2024-12-20 08:07:05'),(3,25,2,'test','2024-12-20 21:38:43','2024-12-20 21:38:43'),(4,29,2,'2','2024-12-20 21:38:43','2024-12-20 21:38:43'),(5,30,2,'[\"1\",\"3\"]','2024-12-20 21:38:43','2024-12-20 21:38:43'),(6,25,3,'test','2024-12-23 01:27:58','2024-12-23 01:27:58'),(7,26,3,'2','2024-12-23 01:27:58','2024-12-23 01:27:58'),(8,29,3,'3','2024-12-23 01:27:58','2024-12-23 01:27:58'),(9,30,3,'[\"1\",\"2\"]','2024-12-23 01:27:58','2024-12-23 01:27:58'),(10,25,4,'test 123','2024-12-23 01:34:19','2024-12-23 01:34:19'),(11,26,4,'1','2024-12-23 01:34:19','2024-12-23 01:34:19'),(12,29,4,'1','2024-12-23 01:34:19','2024-12-23 01:34:19'),(13,30,4,'[\"1\"]','2024-12-23 01:34:19','2024-12-23 01:34:19');
/*!40000 ALTER TABLE `survey_question_answers` ENABLE KEYS */;
UNLOCK TABLES;

--
-- Table structure for table `survey_questions`
--

DROP TABLE IF EXISTS `survey_questions`;
/*!40101 SET @saved_cs_client     = @@character_set_client */;
/*!50503 SET character_set_client = utf8mb4 */;
CREATE TABLE `survey_questions` (
  `id` bigint unsigned NOT NULL AUTO_INCREMENT,
  `type` varchar(45) COLLATE utf8mb4_unicode_ci NOT NULL,
  `question` varchar(2000) COLLATE utf8mb4_unicode_ci NOT NULL,
  `description` longtext COLLATE utf8mb4_unicode_ci,
  `data` longtext COLLATE utf8mb4_unicode_ci,
  `survey_id` bigint unsigned NOT NULL,
  `created_at` timestamp NULL DEFAULT NULL,
  `updated_at` timestamp NULL DEFAULT NULL,
  PRIMARY KEY (`id`)
) ENGINE=InnoDB AUTO_INCREMENT=31 DEFAULT CHARSET=utf8mb4 COLLATE=utf8mb4_unicode_ci;
/*!40101 SET character_set_client = @saved_cs_client */;

--
-- Dumping data for table `survey_questions`
--

LOCK TABLES `survey_questions` WRITE;
/*!40000 ALTER TABLE `survey_questions` DISABLE KEYS */;
INSERT INTO `survey_questions` VALUES (1,'text','q1',NULL,'[]',44,'2024-12-16 21:23:27','2024-12-16 21:23:27'),(2,'text','q3',NULL,'[]',45,'2024-12-16 21:23:48','2024-12-16 21:23:48'),(3,'text','q4',NULL,'[]',45,'2024-12-16 21:23:48','2024-12-16 21:23:48'),(4,'text','qes1',NULL,'[]',46,'2024-12-17 05:47:21','2024-12-17 05:47:21'),(5,'text','s',NULL,'[]',47,'2024-12-17 07:17:01','2024-12-17 07:17:01'),(6,'text','asd',NULL,'[]',48,'2024-12-17 07:19:18','2024-12-17 07:19:18'),(7,'text','asd',NULL,'[]',49,'2024-12-17 07:20:00','2024-12-17 07:20:00'),(8,'text','asd',NULL,'[]',50,'2024-12-17 07:20:46','2024-12-17 07:20:46'),(9,'text','asd',NULL,'[]',51,'2024-12-17 07:21:04','2024-12-17 07:21:04'),(10,'text','asd',NULL,'[]',52,'2024-12-17 07:21:50','2024-12-17 07:21:50'),(11,'text','qwe',NULL,'[]',53,'2024-12-17 07:27:17','2024-12-17 07:27:17'),(12,'text','q',NULL,'[]',54,'2024-12-17 07:27:25','2024-12-17 07:27:25'),(13,'text','qwe',NULL,'[]',55,'2024-12-17 07:27:37','2024-12-17 07:27:37'),(14,'text','qwe',NULL,'[]',56,'2024-12-17 07:27:46','2024-12-17 07:27:46'),(15,'text','asd',NULL,'[]',57,'2024-12-17 22:21:43','2024-12-17 22:21:43'),(16,'text','asd',NULL,'[]',58,'2024-12-17 22:28:56','2024-12-17 22:28:56'),(17,'text','asd',NULL,'[]',179,'2024-12-18 02:24:17','2024-12-18 02:24:17'),(18,'text','asd',NULL,'[]',250,'2024-12-18 02:42:42','2024-12-18 02:42:42'),(19,'text','asdasd',NULL,'[]',271,'2024-12-18 03:21:37','2024-12-18 03:21:37'),(20,'text','asd',NULL,'[]',335,'2024-12-18 03:34:19','2024-12-18 03:34:19'),(21,'text','asd',NULL,'[]',342,'2024-12-18 03:34:30','2024-12-18 03:34:30'),(22,'select','asd',NULL,'{\"options\":[{\"uuid\":\"10c85de7-d4db-47bf-b48c-7e2d736e4426\",\"text\":\"o1\"}]}',343,'2024-12-18 03:40:59','2024-12-18 07:25:26'),(23,'text','asd',NULL,'[]',1334,'2024-12-19 06:59:54','2024-12-19 06:59:54'),(24,'text','asd',NULL,'[]',1325,'2024-12-19 07:00:06','2024-12-19 07:00:06'),(25,'text','text',NULL,'[]',3065,'2024-12-20 01:45:25','2024-12-20 21:37:11'),(26,'select','select',NULL,'{\"options\":[{\"uuid\":\"7d421f4e-cab7-4afb-80ae-a961a17ce7ae\",\"text\":\"1\"},{\"uuid\":\"ea9908d5-bab9-453a-a596-64f30a6f7c47\",\"text\":\"2\"},{\"uuid\":\"78170ded-55fc-471b-934c-5e97cfeb7828\",\"text\":\"3\"}]}',3065,'2024-12-20 03:31:34','2024-12-20 21:37:11'),(27,'text','ques1',NULL,'[]',3069,'2024-12-20 07:40:05','2024-12-20 07:40:05'),(28,'radio','ques2',NULL,'{\"options\":[{\"uuid\":\"943087b9-a836-4fd9-87df-56ac5e5a1027\",\"text\":\"1\"},{\"uuid\":\"8dc72195-ab5b-4aef-8df3-2380c761a631\",\"text\":\"2\"},{\"uuid\":\"b82b147f-611c-499d-99cc-753d5828e58c\",\"text\":\"3\"}]}',3069,'2024-12-20 07:40:05','2024-12-20 07:40:05'),(29,'radio','radio',NULL,'{\"options\":[{\"uuid\":\"783038cb-e8cb-4958-adb1-fa0e1b0dac95\",\"text\":\"1\"},{\"uuid\":\"65979d4d-283c-405b-83fb-eca7f20b7ffa\",\"text\":\"2\"},{\"uuid\":\"da8f0288-dd2d-4890-98e9-bce901a13306\",\"text\":\"3\"}]}',3065,'2024-12-20 21:37:11','2024-12-20 21:37:11'),(30,'checkbox','Checkbox',NULL,'{\"options\":[{\"uuid\":\"58db0380-fb83-4238-b605-c8e9c6ce4f8b\",\"text\":\"1\"},{\"uuid\":\"c4657edc-7d91-448a-bf6b-193207b22cb6\",\"text\":\"2\"},{\"uuid\":\"10de0aaf-4b3c-4fa8-bbe9-4f14f706c254\",\"text\":\"3\"}]}',3065,'2024-12-20 21:37:59','2024-12-20 21:37:59');
/*!40000 ALTER TABLE `survey_questions` ENABLE KEYS */;
UNLOCK TABLES;

--
-- Table structure for table `surveys`
--

DROP TABLE IF EXISTS `surveys`;
/*!40101 SET @saved_cs_client     = @@character_set_client */;
/*!50503 SET character_set_client = utf8mb4 */;
CREATE TABLE `surveys` (
  `id` bigint unsigned NOT NULL AUTO_INCREMENT,
  `user_id` bigint unsigned NOT NULL,
  `image` varchar(255) COLLATE utf8mb4_unicode_ci DEFAULT NULL,
  `title` varchar(1000) COLLATE utf8mb4_unicode_ci NOT NULL,
  `slug` varchar(1000) COLLATE utf8mb4_unicode_ci NOT NULL,
  `status` tinyint NOT NULL,
  `description` text COLLATE utf8mb4_unicode_ci,
  `created_at` timestamp NULL DEFAULT NULL,
  `updated_at` timestamp NULL DEFAULT NULL,
  `expire_date` timestamp NULL DEFAULT NULL,
  PRIMARY KEY (`id`)
) ENGINE=InnoDB AUTO_INCREMENT=3116 DEFAULT CHARSET=utf8mb4 COLLATE=utf8mb4_unicode_ci;
/*!40101 SET character_set_client = @saved_cs_client */;

--
-- Dumping data for table `surveys`
--

LOCK TABLES `surveys` WRITE;
/*!40000 ALTER TABLE `surveys` DISABLE KEYS */;
INSERT INTO `surveys` VALUES (24,4,NULL,'Mr.','voluptate-et-modi-eligendi-numquam-delectus-odio-odio',1,'Necessitatibus eum nam voluptatem velit maiores accusamus. Vel corporis corporis ab veritatis dolores. Molestias voluptatem molestiae voluptatem molestiae totam. Dolor dolores ullam ea repellat adipisci expedita. Non sit aut adipisci nihil ut rerum architecto. Et est iusto impedit totam sequi adipisci. Ea ipsum aut eligendi magnam praesentium. Cupiditate rem officia tenetur aperiam ut qui.','2007-10-26 03:08:41','1982-05-16 02:44:39','2024-12-31 10:59:39'),(25,4,NULL,'Mrs.','ut-nam-vero-soluta-est-delectus',1,'Ex ipsum dolorem eveniet id est. Facere vel quis sit et. Eligendi eius voluptatem maiores aut aut temporibus. Beatae molestias vero facere est et nemo. Suscipit quis aut libero quam quis sapiente quam culpa. Doloremque omnis dolor distinctio sit nostrum ipsam est cumque. Quis id cupiditate quia qui error.','1989-08-02 19:15:34','2003-02-04 18:16:28','2025-01-10 12:19:34'),(26,4,NULL,'Dr.','molestias-ut-quasi-minus-incidunt-perspiciatis-et-ut',1,'Numquam voluptas ab illum qui accusamus est ipsum. Ipsa nihil optio sunt doloribus saepe. Culpa deleniti dolores sequi soluta nostrum. Nostrum quia blanditiis occaecati sunt. Adipisci ut qui eligendi. Ut vitae qui rem quo rerum. Voluptatem at eum optio non optio eos illo.','2021-02-05 02:42:49','2010-02-11 01:15:39','2024-12-25 09:35:45'),(27,3,NULL,'Dr.','vitae-architecto-ullam-et-distinctio-doloremque-voluptas',1,'Eaque est quae beatae soluta aperiam voluptatem. At id non tempora reprehenderit sit. Molestiae exercitationem tenetur et maiores molestiae. Blanditiis temporibus eveniet id reprehenderit recusandae ea. Cumque hic ad culpa temporibus provident est consequuntur dolor. Blanditiis fuga quidem ipsam. Est aliquid aliquam occaecati consequuntur quo aut sunt.','1990-04-30 11:09:23','2023-01-20 18:48:26',NULL),(28,4,NULL,'Mr.','cumque-nulla-nihil-sed-deserunt-dolores',1,'Et qui ipsam consequuntur hic eos doloremque molestias. Non provident libero consequatur aliquam vero. Autem voluptas maiores officiis modi omnis sint ipsum. Harum excepturi sint tempore aliquid omnis ad. Et eos dolores asperiores hic. Aut optio occaecati veritatis dolores vitae. Et eligendi sit quia nobis in amet ut.','1998-09-10 10:11:10','1984-01-28 17:44:45','2024-12-20 13:04:53'),(29,5,NULL,'Mrs.','praesentium-dolorem-in-corrupti-ab-vitae-ut',1,'Officia reprehenderit quia et ipsum est. Minima deserunt distinctio voluptas sed repellat earum deleniti. Accusantium sed mollitia ut numquam. A labore optio ea reprehenderit aut laudantium assumenda. Placeat quia qui quia saepe reiciendis. Saepe accusamus quaerat sint eveniet. Asperiores sed quo iure non eius occaecati.','1977-09-08 13:51:32','2024-05-23 03:26:15','2024-12-31 04:08:42'),(30,2,NULL,'Mrs.','enim-laborum-dolorem-fuga-vel-nostrum-et-est-et',1,'Molestiae ea non asperiores ad. Aut vel praesentium voluptatem sint. Accusamus sint perspiciatis beatae dolorum accusamus enim quo. Aliquam dolore rerum aut eveniet quod quaerat. Deserunt veniam et veniam aut aut repudiandae nesciunt. Aut et ullam labore nemo deserunt.','1979-06-27 08:15:23','1977-02-16 09:15:22','2024-12-22 11:17:38'),(31,3,NULL,'Ms.','ipsum-itaque-illum-eveniet-quo-quam-iste-fuga-ullam',1,'Eaque totam quia accusamus nisi. Eveniet et ut voluptatum temporibus. Repellendus provident voluptatem explicabo rem est. Corporis enim sed eius adipisci. Corrupti placeat voluptates ut. Sed neque dicta quasi. Quia est vitae ea necessitatibus et. Et culpa magnam blanditiis minus magnam doloribus nam.','1978-04-20 05:06:28','2015-09-08 00:23:07','2025-01-07 05:20:38'),(32,4,NULL,'Mr.','praesentium-nulla-aperiam-vero-quo-beatae',1,'Consectetur eos perspiciatis pariatur aliquid quam eveniet. Porro est suscipit qui similique temporibus rem. Est pariatur vel enim voluptas. In officia nihil nesciunt ab. Placeat quae harum quibusdam temporibus assumenda. Repellendus est illo ut et voluptatem similique dolorum.','1984-12-12 11:30:11','1994-03-09 07:15:54','2025-01-05 14:29:11'),(33,1,NULL,'Mrs.','hic-dignissimos-maxime-doloribus-cupiditate',1,'Soluta officia magni et. Consequuntur molestiae non eos aut et doloribus porro inventore. Odit mollitia repellat voluptates velit tempora non. Qui alias suscipit odio sint dolor necessitatibus laborum aliquid. Accusantium asperiores aperiam ipsa repellat omnis laboriosam illo et. Ratione sed soluta ratione fugiat nam nihil nisi corporis.','1976-02-27 21:09:07','1977-03-11 10:42:38','2024-12-20 07:49:54'),(35,3,NULL,'Prof.','enim-accusantium-molestiae-est-facere',1,'Est perferendis nesciunt molestiae consequatur nesciunt possimus vero. Repudiandae expedita veritatis est. Omnis possimus sunt est dolor quasi. Quod quam sint eaque rerum ab dolore nobis. Dolorem in cumque aut sit porro eaque. Consequatur dolor perspiciatis in earum placeat.','1976-10-23 06:33:47','1993-11-02 01:44:18','2024-12-24 01:57:19'),(36,4,NULL,'Prof.','fuga-praesentium-est-perspiciatis-quos-nostrum',1,'Qui sed magni rerum aliquid dignissimos. Dolorum architecto totam aliquid. Et omnis est quis consequatur in. Est porro et sint non dicta delectus autem. Corporis culpa sapiente aut dolor est perferendis aliquam sequi. Minima laborum ut incidunt aliquid ut illo.','1973-05-16 21:58:17','1987-10-28 11:25:50','2024-12-22 00:42:22'),(38,1,NULL,'Dr.','iure-qui-quod-qui-temporibus-veniam-minima-magnam',1,'Vel est autem eos earum temporibus. Ipsa maxime odit consequatur quidem facere. Sit velit in facere ea totam. Facere omnis non repudiandae est et odit. Tempora error blanditiis aut aperiam. Aut sed aut vitae qui. Magnam voluptas sequi sequi sint asperiores eos. Dolor iusto qui ea. Quis ab ut ut impedit quam magnam culpa.','2003-06-03 19:53:21','1998-08-04 18:51:29','2025-01-06 23:11:35'),(39,2,NULL,'Prof.','est-accusantium-et-qui-quia',1,'Quo illo aut inventore architecto sed. Ullam voluptatem et enim. Aut quidem quidem sit quis explicabo fugit. Sit sunt accusantium consequatur minus. Enim vel et dolorem incidunt sunt accusantium. Sunt sequi quis minima nisi eius necessitatibus error. Delectus ullam sed iure sed ut quod ipsam cupiditate. Non enim illum ab ut amet quaerat. Excepturi ex aut officia molestiae rem assumenda sequi.','2012-09-11 03:18:22','1979-11-11 23:36:45','2025-01-13 08:09:32'),(40,3,NULL,'Prof.','quia-vitae-in-officia-exercitationem-esse-magnam-fugit',1,'Consectetur vitae totam excepturi nobis nam magnam. Laboriosam voluptatem consequatur molestias. Eveniet eius voluptas autem consequuntur. Ut voluptates fuga impedit dolorum. Dolor nihil et perspiciatis. Adipisci id et reiciendis perferendis perspiciatis. Et atque nulla recusandae expedita magnam aperiam.','1979-01-17 12:59:52','1974-06-28 17:42:55','2024-12-24 12:02:04'),(41,1,NULL,'Prof.','quia-exercitationem-et-natus-at-aut-voluptas-velit',1,'Temporibus rem sit commodi sapiente debitis perferendis. Ducimus quo excepturi distinctio fuga eligendi dolores quia. Ut aut est ex illum qui dolorum at. Nihil alias ex et accusamus alias aut. Enim ipsum et autem. Laboriosam et assumenda quo doloribus ipsam. Hic quo et quasi ipsa similique. Quo qui labore sunt doloremque deserunt. Inventore expedita repellat molestiae placeat quia.','2013-01-21 09:09:07','2004-03-24 17:59:09','2024-12-18 06:16:50'),(42,5,NULL,'Prof.','ad-vel-fugit-incidunt-voluptatum-illum-deleniti',1,'Rem aut enim doloribus corporis quidem velit explicabo. Dolores culpa sed voluptatem et accusantium quia quo. Et aspernatur facere autem veritatis veniam. Similique aut delectus asperiores aut. Atque error ea amet saepe aut sed veniam aut. Reprehenderit quia omnis et aut quisquam. Praesentium ea provident repellat. Sit enim et eligendi iusto natus.','2024-04-05 08:54:58','2008-12-18 16:51:14','2024-12-29 12:09:05'),(43,1,NULL,'Mrs.','velit-odit-et-recusandae',1,'Autem ea dolore et quis omnis culpa. Quas occaecati omnis qui totam deleniti laborum. Unde et architecto at iste beatae. Ullam repellat repudiandae voluptatum accusantium unde. Adipisci expedita maiores neque molestiae. Explicabo voluptatem deleniti magnam quas praesentium.','1992-03-02 13:45:08','2004-02-17 02:52:50','2024-12-21 07:35:13'),(1334,6,NULL,'asd','asd-1',0,'asdasd','2024-12-19 06:59:54','2024-12-19 06:59:54','2024-12-19 17:00:00'),(3065,6,'images/3SZHwaTMRhqDx8vc.jpeg','Test','test',1,'Test','2024-12-20 01:45:25','2024-12-23 01:02:23','2024-12-28 17:00:00'),(3106,6,NULL,'Miss [FakeData]','facilis-sunt-aut-facere',1,'Necessitatibus ex eos earum et. Ipsa maxime quod dolores. Doloremque occaecati veniam voluptas et. Totam vitae magni voluptates qui dignissimos. Cupiditate minima quae ipsa porro cum quo ad ducimus. Illum libero officiis eveniet deserunt. Culpa optio repudiandae molestiae animi officia eius nemo. Quia facere dolorum consequatur corrupti ut.','1996-08-05 13:40:10','1975-08-19 15:32:47','2025-01-09 16:56:25'),(3107,6,NULL,'Mrs. [FakeData]','in-est-enim-rerum-iusto-corporis-cum-qui-qui',1,'Voluptatem ut autem illo ipsam. Labore qui odit vitae ut. In est dolorem aut rem fuga. Et nihil voluptates eligendi qui minima quam velit tempora. Rem sunt odit voluptatum accusamus libero odio reiciendis provident. Odit dolor et quaerat esse facilis qui.','2018-02-18 07:49:45','2005-03-01 01:59:20',NULL),(3108,6,NULL,'Ms. [FakeData]','quo-eius-ut-recusandae-incidunt-cupiditate-veritatis-qui',1,'Et facilis odit autem quo veritatis sit nobis. Pariatur vitae minima dolores nulla delectus modi quia modi. Reprehenderit eaque fuga nam inventore doloremque accusamus ducimus. Voluptatem repudiandae qui asperiores eum magnam est.','1970-07-09 10:31:00','1980-07-11 14:12:45','2025-01-03 12:23:05'),(3109,6,NULL,'Mrs. [FakeData]','quisquam-quasi-non-non-veritatis-ipsam-harum-minima',1,'Eaque voluptatem iure accusantium et dignissimos recusandae. Voluptatem neque id suscipit. Distinctio occaecati eius modi molestiae. Dolorum quia non possimus. Veritatis culpa impedit quae non aut. Impedit repudiandae veniam asperiores voluptas sit est. Amet repellat et accusantium ut. Voluptate temporibus laboriosam quisquam corporis.','2011-09-13 04:47:52','1993-01-10 23:49:57','2025-01-18 22:36:27'),(3110,6,NULL,'Miss [FakeData]','ut-vel-mollitia-ut',1,'Maxime est reiciendis illo nihil dolores. Et voluptas fugit quis iure rerum delectus. Quo dicta labore aperiam nostrum iure ut dolor. Nihil voluptas culpa id quaerat non. Aut quia architecto beatae odio distinctio. Eos nemo suscipit aperiam odio. Facilis perspiciatis tempora mollitia sed esse.','1971-08-05 19:56:50','1985-02-11 10:06:57','2025-01-12 05:14:28'),(3111,6,NULL,'Mrs. [FakeData]','porro-nihil-consequuntur-voluptatibus-eligendi',1,'Iusto esse nostrum voluptatem molestiae. Adipisci qui vero et aut aut consequatur sit. Magnam aut odio possimus voluptates laudantium qui autem molestiae. Laborum sed maiores quos et dolore eum. Expedita labore dolores maxime et tenetur pariatur sed. Exercitationem sunt hic eius accusamus. Delectus temporibus sit sed nemo et delectus.','2002-01-09 21:46:42','1988-03-15 02:46:35','2024-12-31 16:54:59'),(3112,6,NULL,'Mrs. [FakeData]','architecto-ut-ab-illo-tempore-aperiam',1,'Blanditiis iste qui ut repellendus accusamus. Veritatis debitis nostrum alias qui. Omnis ad et hic amet repellendus. Dolore omnis laboriosam consequatur qui. Minima qui vitae quo eaque ut neque ab repellat. Qui perspiciatis non id aliquid quia. Dignissimos sunt eos cumque unde nemo aut soluta. Et veniam consequatur aut consequatur quaerat.','2008-07-04 16:22:36','2021-10-13 17:30:53','2024-12-29 05:48:36'),(3113,6,NULL,'Dr. [FakeData]','asperiores-perspiciatis-eos-ducimus-est-ullam-temporibus',1,'Inventore ab beatae quam voluptatem. Vel corporis possimus et blanditiis itaque corrupti amet quam. Vero rem explicabo perspiciatis id. Sapiente impedit sunt dolorem ipsa pariatur libero officiis. Veniam autem nemo quia quis dolor dignissimos. A velit et earum qui deserunt quia. Aliquid at natus distinctio soluta ipsam corporis.','1986-08-18 02:16:31','1977-11-22 21:36:59',NULL),(3114,6,NULL,'Dr. [FakeData]','molestiae-illo-enim-est-quo-porro',1,'Qui fuga animi veritatis tempore odit. Cupiditate perspiciatis aut tempore quia magni sit quae. Vitae occaecati voluptas possimus dolore consequatur voluptatem ad. Nisi debitis ab omnis asperiores et. Mollitia veniam ipsum provident maxime. Iusto sint voluptatem qui. Ipsa sit non debitis doloribus velit fuga eaque. Voluptas hic sunt voluptatem consequatur voluptate eaque.','1998-05-01 07:34:34','1983-09-14 16:40:46','2024-12-27 03:33:02'),(3115,6,NULL,'Dr. [FakeData]','eos-occaecati-exercitationem-harum-similique-quaerat',1,'Aliquid eaque consequatur quisquam inventore. Quidem dolorem eaque hic facere. Sunt nesciunt illo dolor iste. Ex qui iusto odio reprehenderit autem culpa. Perspiciatis ab laborum consequatur suscipit assumenda. Ipsa eum ad aut ea aliquam. Alias aut corrupti et debitis omnis et possimus repudiandae. Voluptatem porro in ad accusantium repellendus non ad doloremque.','2000-10-27 14:41:31','1995-02-24 03:10:36','2024-12-31 07:37:52');
/*!40000 ALTER TABLE `surveys` ENABLE KEYS */;
UNLOCK TABLES;

--
-- Table structure for table `users`
--

DROP TABLE IF EXISTS `users`;
/*!40101 SET @saved_cs_client     = @@character_set_client */;
/*!50503 SET character_set_client = utf8mb4 */;
CREATE TABLE `users` (
  `id` bigint unsigned NOT NULL AUTO_INCREMENT,
  `name` varchar(255) COLLATE utf8mb4_unicode_ci NOT NULL,
  `email` varchar(255) COLLATE utf8mb4_unicode_ci NOT NULL,
  `phone` varchar(45) COLLATE utf8mb4_unicode_ci DEFAULT NULL,
  `email_verified_at` timestamp NULL DEFAULT NULL,
  `password` varchar(255) COLLATE utf8mb4_unicode_ci NOT NULL,
  `google_id` varchar(45) COLLATE utf8mb4_unicode_ci DEFAULT NULL,
  `facebook_id` varchar(45) COLLATE utf8mb4_unicode_ci DEFAULT NULL,
  `remember_token` varchar(100) COLLATE utf8mb4_unicode_ci DEFAULT NULL,
  `created_at` timestamp NULL DEFAULT NULL,
  `updated_at` timestamp NULL DEFAULT NULL,
  PRIMARY KEY (`id`),
  UNIQUE KEY `users_email_unique` (`email`),
  UNIQUE KEY `users_phone_unique` (`phone`)
) ENGINE=InnoDB AUTO_INCREMENT=7 DEFAULT CHARSET=utf8mb4 COLLATE=utf8mb4_unicode_ci;
/*!40101 SET character_set_client = @saved_cs_client */;

--
-- Dumping data for table `users`
--

LOCK TABLES `users` WRITE;
/*!40000 ALTER TABLE `users` DISABLE KEYS */;
INSERT INTO `users` VALUES (1,'Ms. Felicia Bauch','alexandre.veum@example.net','629752091','2024-12-14 04:02:40','$2y$12$gPn8JL.iROmZkrZjXyWH0eYq0eWnZQfXnIAl0mRP78RUmSPRvOYje',NULL,NULL,'gOy2sD2K0L','2024-12-14 04:02:40','2024-12-14 04:02:40'),(2,'Stella Windler','ratke.maudie@example.org','768807345','2024-12-14 04:02:40','$2y$12$gPn8JL.iROmZkrZjXyWH0eYq0eWnZQfXnIAl0mRP78RUmSPRvOYje',NULL,NULL,'e3Xm4zOZSy','2024-12-14 04:02:40','2024-12-14 04:02:40'),(3,'Dr. Darrion O\'Connell PhD','jkuhlman@example.org','981055508','2024-12-14 04:02:40','$2y$12$gPn8JL.iROmZkrZjXyWH0eYq0eWnZQfXnIAl0mRP78RUmSPRvOYje',NULL,NULL,'UKCzcGdZrm','2024-12-14 04:02:40','2024-12-14 04:02:40'),(4,'Makenna Grimes','clarabelle.damore@example.net','802229128','2024-12-14 04:02:40','$2y$12$gPn8JL.iROmZkrZjXyWH0eYq0eWnZQfXnIAl0mRP78RUmSPRvOYje',NULL,NULL,'0JrHHLsh7s','2024-12-14 04:02:40','2024-12-14 04:02:40'),(5,'Cale Koelpin MD','eli.kling@example.com','938405459','2024-12-14 04:02:40','$2y$12$gPn8JL.iROmZkrZjXyWH0eYq0eWnZQfXnIAl0mRP78RUmSPRvOYje',NULL,NULL,'6yRX8a6Mkm','2024-12-14 04:02:41','2024-12-14 04:02:41'),(6,'ddd','asd@gmail.com',NULL,NULL,'$2y$12$yCAMWWdce2V/Ugl.cWk3puUXKZYVINp8QSiVT4zT5BelPdPa0xwWu',NULL,NULL,NULL,'2024-12-14 04:03:12','2024-12-14 04:03:12');
/*!40000 ALTER TABLE `users` ENABLE KEYS */;
UNLOCK TABLES;
/*!40103 SET TIME_ZONE=@OLD_TIME_ZONE */;

/*!40101 SET SQL_MODE=@OLD_SQL_MODE */;
/*!40014 SET FOREIGN_KEY_CHECKS=@OLD_FOREIGN_KEY_CHECKS */;
/*!40014 SET UNIQUE_CHECKS=@OLD_UNIQUE_CHECKS */;
/*!40101 SET CHARACTER_SET_CLIENT=@OLD_CHARACTER_SET_CLIENT */;
/*!40101 SET CHARACTER_SET_RESULTS=@OLD_CHARACTER_SET_RESULTS */;
/*!40101 SET COLLATION_CONNECTION=@OLD_COLLATION_CONNECTION */;
/*!40111 SET SQL_NOTES=@OLD_SQL_NOTES */;

-- Dump completed on 2024-12-23 21:57:58
